Timestamp,Zone,Day,Temperature,Weather Code,Time Elapsed
08-07-2018,9,6,23,0,2295
08-07-2018,10,6,24,0,2310
08-07-2018,11,6,25,0,2311
08-07-2018,12,6,25,0,2313
08-07-2018,13,6,26,0,2309
08-07-2018,14,6,27,0,2309
08-07-2018,15,6,28,0,2309
08-07-2018,16,6,23,0,2315
08-07-2018,17,6,24,0,2315
08-07-2018,18,6,21,1,2315
08-07-2018,19,6,20,1,2325
08-07-2018,20,6,19,1,2325
08-07-2018,7,6,21,6,2285
08-07-2018,8,6,22,6,2293
08-07-2018,6,6,20,7,2280
08-07-2018,21,6,19,7,2290
08-07-2018,22,6,18,7,2285
15-07-2018,9,6,23,0,2295
15-07-2018,10,6,24,0,2310
15-07-2018,11,6,25,0,2311
15-07-2018,12,6,25,0,2313
15-07-2018,13,6,26,0,2309
15-07-2018,14,6,27,0,2309
15-07-2018,15,6,28,0,2309
15-07-2018,16,6,23,0,2315
15-07-2018,17,6,24,0,2315
15-07-2018,18,6,21,1,2315
15-07-2018,19,6,20,1,2325
15-07-2018,20,6,19,1,2325
15-07-2018,7,6,21,6,2285
15-07-2018,8,6,22,6,2293
15-07-2018,6,6,20,7,2280
15-07-2018,21,6,19,7,2290
15-07-2018,22,6,18,7,2285
22-07-2018,9,6,23,0,2295
22-07-2018,10,6,24,0,2310
22-07-2018,11,6,25,0,2311
22-07-2018,12,6,25,0,2313
22-07-2018,13,6,26,0,2309
22-07-2018,14,6,27,0,2309
22-07-2018,15,6,28,0,2309
22-07-2018,16,6,23,0,2315
22-07-2018,17,6,24,0,2315
22-07-2018,18,6,21,1,2315
22-07-2018,19,6,20,1,2325
22-07-2018,20,6,19,1,2325
22-07-2018,7,6,21,6,2285
22-07-2018,8,6,22,6,2293
22-07-2018,6,6,20,7,2280
22-07-2018,21,6,19,7,2290
22-07-2018,22,6,18,7,2285
29-07-2018,9,6,23,0,2295
29-07-2018,10,6,24,0,2310
29-07-2018,11,6,25,0,2311
29-07-2018,12,6,25,0,2313
29-07-2018,13,6,26,0,2309
29-07-2018,14,6,27,0,2309
29-07-2018,15,6,28,0,2309
29-07-2018,16,6,23,0,2315
29-07-2018,17,6,24,0,2315
29-07-2018,18,6,21,1,2315
29-07-2018,19,6,20,1,2325
29-07-2018,20,6,19,1,2325
29-07-2018,7,6,21,6,2285
29-07-2018,8,6,22,6,2293
29-07-2018,6,6,20,7,2280
29-07-2018,21,6,19,7,2290
29-07-2018,22,6,18,7,2285
05-08-2018,9,6,24,0,2295
05-08-2018,10,6,25,0,2310
05-08-2018,11,6,26,0,2311
05-08-2018,12,6,26,0,2313
05-08-2018,13,6,27,0,2309
05-08-2018,14,6,28,0,2309
05-08-2018,15,6,29,0,2309
05-08-2018,16,6,24,0,2315
05-08-2018,17,6,25,0,2315
05-08-2018,18,6,22,1,2315
05-08-2018,19,6,21,1,2325
05-08-2018,20,6,20,1,2325
05-08-2018,7,6,22,6,2285
05-08-2018,8,6,23,6,2293
05-08-2018,6,6,21,7,2280
05-08-2018,21,6,20,7,2290
05-08-2018,22,6,19,7,2285
12-08-2018,9,6,24,0,2295
12-08-2018,10,6,25,0,2310
12-08-2018,11,6,26,0,2311
12-08-2018,12,6,26,0,2313
12-08-2018,13,6,27,0,2309
12-08-2018,14,6,28,0,2309
12-08-2018,15,6,29,0,2309
12-08-2018,16,6,24,0,2315
12-08-2018,17,6,25,0,2315
12-08-2018,18,6,22,1,2315
12-08-2018,19,6,21,1,2325
12-08-2018,20,6,20,1,2325
12-08-2018,7,6,22,6,2285
12-08-2018,8,6,23,6,2293
12-08-2018,6,6,21,7,2280
12-08-2018,21,6,20,7,2290
12-08-2018,22,6,19,7,2285
19-08-2018,9,6,24,0,2295
19-08-2018,10,6,25,0,2310
19-08-2018,11,6,26,0,2311
19-08-2018,12,6,26,0,2313
19-08-2018,13,6,27,0,2309
19-08-2018,14,6,28,0,2309
19-08-2018,15,6,29,0,2309
19-08-2018,16,6,24,0,2315
19-08-2018,17,6,25,0,2315
19-08-2018,18,6,22,1,2315
19-08-2018,19,6,21,1,2325
19-08-2018,20,6,20,1,2325
19-08-2018,7,6,22,6,2285
19-08-2018,8,6,23,6,2293
19-08-2018,6,6,21,7,2280
19-08-2018,21,6,20,7,2290
19-08-2018,22,6,19,7,2285
26-08-2018,9,6,24,0,2295
26-08-2018,10,6,25,0,2310
26-08-2018,11,6,26,0,2311
26-08-2018,12,6,26,0,2313
26-08-2018,13,6,27,0,2309
26-08-2018,14,6,28,0,2309
26-08-2018,15,6,29,0,2309
26-08-2018,16,6,24,0,2315
26-08-2018,17,6,25,0,2315
26-08-2018,18,6,22,1,2315
26-08-2018,19,6,21,1,2325
26-08-2018,20,6,20,1,2325
26-08-2018,7,6,22,6,2285
26-08-2018,8,6,23,6,2293
26-08-2018,6,6,21,7,2280
26-08-2018,21,6,20,7,2290
26-08-2018,22,6,19,7,2285
02-09-2018,9,6,24,0,2295
02-09-2018,10,6,25,0,2310
02-09-2018,11,6,26,0,2311
02-09-2018,12,6,26,0,2313
02-09-2018,13,6,27,0,2309
02-09-2018,14,6,28,0,2309
02-09-2018,15,6,29,0,2309
02-09-2018,16,6,24,0,2315
02-09-2018,17,6,25,0,2315
02-09-2018,18,6,22,1,2315
02-09-2018,19,6,21,1,2325
02-09-2018,20,6,20,1,2325
02-09-2018,7,6,22,6,2285
02-09-2018,8,6,23,6,2293
02-09-2018,6,6,21,7,2280
02-09-2018,21,6,20,7,2290
02-09-2018,22,6,19,7,2285
09-09-2018,9,6,24,0,2295
09-09-2018,10,6,25,0,2310
09-09-2018,11,6,26,0,2311
09-09-2018,12,6,26,0,2313
09-09-2018,13,6,27,0,2309
09-09-2018,14,6,28,0,2309
09-09-2018,15,6,29,0,2309
09-09-2018,16,6,24,0,2315
09-09-2018,17,6,25,0,2315
09-09-2018,18,6,22,1,2315
09-09-2018,19,6,21,1,2325
09-09-2018,20,6,20,1,2325
09-09-2018,7,6,22,6,2285
09-09-2018,8,6,23,6,2293
09-09-2018,6,6,21,7,2280
09-09-2018,21,6,20,7,2290
09-09-2018,22,6,19,7,2285
16-09-2018,9,6,24,0,2295
16-09-2018,10,6,25,0,2310
16-09-2018,11,6,26,0,2311
16-09-2018,12,6,26,0,2313
16-09-2018,13,6,27,0,2309
16-09-2018,14,6,28,0,2309
16-09-2018,15,6,29,0,2309
16-09-2018,16,6,24,0,2315
16-09-2018,17,6,25,0,2315
16-09-2018,18,6,22,1,2315
16-09-2018,19,6,21,1,2325
16-09-2018,20,6,20,1,2325
16-09-2018,7,6,22,6,2285
16-09-2018,8,6,23,6,2293
16-09-2018,6,6,21,7,2280
16-09-2018,21,6,20,7,2290
16-09-2018,22,6,19,7,2285
23-09-2018,9,6,24,0,2295
23-09-2018,10,6,25,0,2310
23-09-2018,11,6,26,0,2311
23-09-2018,12,6,26,0,2313
23-09-2018,13,6,27,0,2309
23-09-2018,14,6,28,0,2309
23-09-2018,15,6,29,0,2309
23-09-2018,16,6,24,0,2315
23-09-2018,17,6,25,0,2315
23-09-2018,18,6,22,1,2315
23-09-2018,19,6,21,1,2325
23-09-2018,20,6,20,1,2325
23-09-2018,7,6,22,6,2285
23-09-2018,8,6,23,6,2293
23-09-2018,6,6,21,7,2280
23-09-2018,21,6,20,7,2290
23-09-2018,22,6,19,7,2285
30-09-2018,9,6,24,0,2295
30-09-2018,10,6,25,0,2310
30-09-2018,11,6,26,0,2311
30-09-2018,12,6,26,0,2313
30-09-2018,13,6,27,0,2309
30-09-2018,14,6,28,0,2309
30-09-2018,15,6,29,0,2309
30-09-2018,16,6,24,0,2315
30-09-2018,17,6,25,0,2315
30-09-2018,18,6,22,1,2315
30-09-2018,19,6,21,1,2325
30-09-2018,20,6,20,1,2325
30-09-2018,7,6,22,6,2285
30-09-2018,8,6,23,6,2293
30-09-2018,6,6,21,7,2280
30-09-2018,21,6,20,7,2290
30-09-2018,22,6,19,7,2285
07-10-2018,9,6,22,0,2295
07-10-2018,10,6,23,0,2310
07-10-2018,11,6,24,0,2311
07-10-2018,12,6,24,0,2313
07-10-2018,13,6,25,0,2309
07-10-2018,14,6,26,0,2309
07-10-2018,15,6,27,0,2309
07-10-2018,16,6,22,0,2315
07-10-2018,17,6,23,0,2315
07-10-2018,18,6,20,1,2315
07-10-2018,19,6,19,1,2325
07-10-2018,20,6,18,1,2325
07-10-2018,7,6,20,6,2285
07-10-2018,8,6,21,6,2293
07-10-2018,6,6,19,7,2280
07-10-2018,21,6,18,7,2290
07-10-2018,22,6,17,7,2285
14-10-2018,9,6,22,0,2295
14-10-2018,10,6,23,0,2310
14-10-2018,11,6,24,0,2311
14-10-2018,12,6,24,0,2313
14-10-2018,13,6,25,0,2309
14-10-2018,14,6,26,0,2309
14-10-2018,15,6,27,0,2309
14-10-2018,16,6,22,0,2315
14-10-2018,17,6,23,0,2315
14-10-2018,18,6,20,1,2315
14-10-2018,19,6,19,1,2325
14-10-2018,20,6,18,1,2325
14-10-2018,7,6,20,6,2285
14-10-2018,8,6,21,6,2293
14-10-2018,6,6,19,7,2280
14-10-2018,21,6,18,7,2290
14-10-2018,22,6,17,7,2285
21-10-2018,9,6,22,0,2295
21-10-2018,10,6,23,0,2310
21-10-2018,11,6,24,0,2311
21-10-2018,12,6,24,0,2313
21-10-2018,13,6,25,0,2309
21-10-2018,14,6,26,0,2309
21-10-2018,15,6,27,0,2309
21-10-2018,16,6,22,0,2315
21-10-2018,17,6,23,0,2315
21-10-2018,18,6,20,1,2315
21-10-2018,19,6,19,1,2325
21-10-2018,20,6,18,1,2325
21-10-2018,7,6,20,6,2285
21-10-2018,8,6,21,6,2293
21-10-2018,6,6,19,7,2280
21-10-2018,21,6,18,7,2290
21-10-2018,22,6,17,7,2285
28-10-2018,9,6,22,0,2295
28-10-2018,10,6,23,0,2310
28-10-2018,11,6,24,0,2311
28-10-2018,12,6,24,0,2313
28-10-2018,13,6,25,0,2309
28-10-2018,14,6,26,0,2309
28-10-2018,15,6,27,0,2309
28-10-2018,16,6,22,0,2315
28-10-2018,17,6,23,0,2315
28-10-2018,18,6,20,1,2315
28-10-2018,19,6,19,1,2325
28-10-2018,20,6,18,1,2325
28-10-2018,7,6,20,6,2285
28-10-2018,8,6,21,6,2293
28-10-2018,6,6,19,7,2280
28-10-2018,21,6,18,7,2290
28-10-2018,22,6,17,7,2285
04-11-2018,9,6,21,0,2295
04-11-2018,10,6,22,0,2310
04-11-2018,11,6,23,0,2311
04-11-2018,12,6,23,0,2313
04-11-2018,13,6,24,0,2309
04-11-2018,14,6,25,0,2309
04-11-2018,15,6,26,0,2309
04-11-2018,16,6,21,0,2315
04-11-2018,17,6,22,0,2315
04-11-2018,18,6,19,1,2315
04-11-2018,19,6,18,1,2325
04-11-2018,20,6,17,1,2325
04-11-2018,7,6,19,6,2285
04-11-2018,8,6,20,6,2293
04-11-2018,6,6,18,7,2280
04-11-2018,21,6,17,7,2290
04-11-2018,22,6,16,7,2285
11-11-2018,9,6,21,0,2295
11-11-2018,10,6,22,0,2310
11-11-2018,11,6,23,0,2311
11-11-2018,12,6,23,0,2313
11-11-2018,13,6,24,0,2309
11-11-2018,14,6,25,0,2309
11-11-2018,15,6,26,0,2309
11-11-2018,16,6,21,0,2315
11-11-2018,17,6,22,0,2315
11-11-2018,18,6,19,1,2315
11-11-2018,19,6,18,1,2325
11-11-2018,20,6,17,1,2325
11-11-2018,7,6,19,6,2285
11-11-2018,8,6,20,6,2293
11-11-2018,6,6,18,7,2280
11-11-2018,21,6,17,7,2290
11-11-2018,22,6,16,7,2285
18-11-2018,9,6,21,0,2295
18-11-2018,10,6,22,0,2310
18-11-2018,11,6,23,0,2311
18-11-2018,12,6,23,0,2313
18-11-2018,13,6,24,0,2309
18-11-2018,14,6,25,0,2309
18-11-2018,15,6,26,0,2309
18-11-2018,16,6,21,0,2315
18-11-2018,17,6,22,0,2315
18-11-2018,18,6,19,1,2315
18-11-2018,19,6,18,1,2325
18-11-2018,20,6,17,1,2325
18-11-2018,7,6,19,6,2285
18-11-2018,8,6,20,6,2293
18-11-2018,6,6,18,7,2280
18-11-2018,21,6,17,7,2290
18-11-2018,22,6,16,7,2285
25-11-2018,9,6,21,0,2295
25-11-2018,10,6,22,0,2310
25-11-2018,11,6,23,0,2311
25-11-2018,12,6,23,0,2313
25-11-2018,13,6,24,0,2309
25-11-2018,14,6,25,0,2309
25-11-2018,15,6,26,0,2309
25-11-2018,16,6,21,0,2315
25-11-2018,17,6,22,0,2315
25-11-2018,18,6,19,1,2315
25-11-2018,19,6,18,1,2325
25-11-2018,20,6,17,1,2325
25-11-2018,7,6,19,6,2285
25-11-2018,8,6,20,6,2293
25-11-2018,6,6,18,7,2280
25-11-2018,21,6,17,7,2290
25-11-2018,22,6,16,7,2285
02-12-2018,9,6,20,0,2295
02-12-2018,10,6,21,0,2310
02-12-2018,11,6,22,0,2311
02-12-2018,12,6,22,0,2313
02-12-2018,13,6,23,0,2309
02-12-2018,14,6,24,0,2309
02-12-2018,15,6,25,0,2309
02-12-2018,16,6,20,0,2315
02-12-2018,17,6,21,0,2315
02-12-2018,18,6,18,1,2315
02-12-2018,19,6,17,1,2325
02-12-2018,20,6,16,1,2325
02-12-2018,7,6,18,6,2285
02-12-2018,8,6,19,6,2293
02-12-2018,6,6,17,7,2280
02-12-2018,21,6,16,7,2290
02-12-2018,22,6,15,7,2285
09-12-2018,9,6,20,0,2295
09-12-2018,10,6,21,0,2310
09-12-2018,11,6,22,0,2311
09-12-2018,12,6,22,0,2313
09-12-2018,13,6,23,0,2309
09-12-2018,14,6,24,0,2309
09-12-2018,15,6,25,0,2309
09-12-2018,16,6,20,0,2315
09-12-2018,17,6,21,0,2315
09-12-2018,18,6,18,1,2315
09-12-2018,19,6,17,1,2325
09-12-2018,20,6,16,1,2325
09-12-2018,7,6,18,6,2285
09-12-2018,8,6,19,6,2293
09-12-2018,6,6,17,7,2280
09-12-2018,21,6,16,7,2290
09-12-2018,22,6,15,7,2285
16-12-2018,9,6,20,0,2295
16-12-2018,10,6,21,0,2310
16-12-2018,11,6,22,0,2311
16-12-2018,12,6,22,0,2313
16-12-2018,13,6,23,0,2309
16-12-2018,14,6,24,0,2309
16-12-2018,15,6,25,0,2309
16-12-2018,16,6,20,0,2315
16-12-2018,17,6,21,0,2315
16-12-2018,18,6,18,1,2315
16-12-2018,19,6,17,1,2325
16-12-2018,20,6,16,1,2325
16-12-2018,7,6,18,6,2285
16-12-2018,8,6,19,6,2293
16-12-2018,6,6,17,7,2280
16-12-2018,21,6,16,7,2290
16-12-2018,22,6,15,7,2285
23-12-2018,9,6,20,0,2295
23-12-2018,10,6,21,0,2310
23-12-2018,11,6,22,0,2311
23-12-2018,12,6,22,0,2313
23-12-2018,13,6,23,0,2309
23-12-2018,14,6,24,0,2309
23-12-2018,15,6,25,0,2309
23-12-2018,16,6,20,0,2315
23-12-2018,17,6,21,0,2315
23-12-2018,18,6,18,1,2315
23-12-2018,19,6,17,1,2325
23-12-2018,20,6,16,1,2325
23-12-2018,7,6,18,6,2285
23-12-2018,8,6,19,6,2293
23-12-2018,6,6,17,7,2280
23-12-2018,21,6,16,7,2290
23-12-2018,22,6,15,7,2285
30-12-2018,9,6,20,0,2295
30-12-2018,10,6,21,0,2310
30-12-2018,11,6,22,0,2311
30-12-2018,12,6,22,0,2313
30-12-2018,13,6,23,0,2309
30-12-2018,14,6,24,0,2309
30-12-2018,15,6,25,0,2309
30-12-2018,16,6,20,0,2315
30-12-2018,17,6,21,0,2315
30-12-2018,18,6,18,1,2315
30-12-2018,19,6,17,1,2325
30-12-2018,20,6,16,1,2325
30-12-2018,7,6,18,6,2285
30-12-2018,8,6,19,6,2293
30-12-2018,6,6,17,7,2280
30-12-2018,21,6,16,7,2290
30-12-2018,22,6,15,7,2285
02-07-2018,9,0,23,0,3000
02-07-2018,10,0,24,0,3100
02-07-2018,11,0,25,0,3150
02-07-2018,12,0,25,0,3152
02-07-2018,13,0,26,0,2999
02-07-2018,14,0,27,0,2890
02-07-2018,15,0,28,0,2800
02-07-2018,16,0,23,0,2900
02-07-2018,17,0,24,0,3550
02-07-2018,18,0,21,1,3560
02-07-2018,19,0,20,1,3601
02-07-2018,20,0,19,1,3490
02-07-2018,7,0,21,6,2300
02-07-2018,8,0,22,6,2450
02-07-2018,6,0,20,7,2280
02-07-2018,21,0,19,7,2800
02-07-2018,22,0,18,7,2400
09-07-2018,9,0,23,0,3000
09-07-2018,10,0,24,0,3100
09-07-2018,11,0,25,0,3150
09-07-2018,12,0,25,0,3152
09-07-2018,13,0,26,0,2999
09-07-2018,14,0,27,0,2890
09-07-2018,15,0,28,0,2800
09-07-2018,16,0,23,0,2900
09-07-2018,17,0,24,0,3550
09-07-2018,18,0,21,1,3560
09-07-2018,19,0,20,1,3601
09-07-2018,20,0,19,1,3490
09-07-2018,7,0,21,6,2300
09-07-2018,8,0,22,6,2450
09-07-2018,6,0,20,7,2280
09-07-2018,21,0,19,7,2800
09-07-2018,22,0,18,7,2400
16-07-2018,9,0,23,0,3000
16-07-2018,10,0,24,0,3100
16-07-2018,11,0,25,0,3150
16-07-2018,12,0,25,0,3152
16-07-2018,13,0,26,0,2999
16-07-2018,14,0,27,0,2890
16-07-2018,15,0,28,0,2800
16-07-2018,16,0,23,0,2900
16-07-2018,17,0,24,0,3550
16-07-2018,18,0,21,1,3560
16-07-2018,19,0,20,1,3601
16-07-2018,20,0,19,1,3490
16-07-2018,7,0,21,6,2300
16-07-2018,8,0,22,6,2450
16-07-2018,6,0,20,7,2280
16-07-2018,21,0,19,7,2800
16-07-2018,22,0,18,7,2400
23-07-2018,9,0,23,0,3000
23-07-2018,10,0,24,0,3100
23-07-2018,11,0,25,0,3150
23-07-2018,12,0,25,0,3152
23-07-2018,13,0,26,0,2999
23-07-2018,14,0,27,0,2890
23-07-2018,15,0,28,0,2800
23-07-2018,16,0,23,0,2900
23-07-2018,17,0,24,0,3550
23-07-2018,18,0,21,1,3560
23-07-2018,19,0,20,1,3601
23-07-2018,20,0,19,1,3490
23-07-2018,7,0,21,6,2300
23-07-2018,8,0,22,6,2450
23-07-2018,6,0,20,7,2280
23-07-2018,21,0,19,7,2800
23-07-2018,22,0,18,7,2400
30-07-2018,9,0,23,0,3000
30-07-2018,10,0,24,0,3100
30-07-2018,11,0,25,0,3150
30-07-2018,12,0,25,0,3152
30-07-2018,13,0,26,0,2999
30-07-2018,14,0,27,0,2890
30-07-2018,15,0,28,0,2800
30-07-2018,16,0,23,0,2900
30-07-2018,17,0,24,0,3550
30-07-2018,18,0,21,1,3560
30-07-2018,19,0,20,1,3601
30-07-2018,20,0,19,1,3490
30-07-2018,7,0,21,6,2300
30-07-2018,8,0,22,6,2450
30-07-2018,6,0,20,7,2280
30-07-2018,21,0,19,7,2800
30-07-2018,22,0,18,7,2400
06-08-2018,9,0,24,0,3000
06-08-2018,10,0,25,0,3100
06-08-2018,15,0,29,0,2800
06-08-2018,16,0,24,0,2900
06-08-2018,17,0,25,0,3550
06-08-2018,18,0,22,1,3560
06-08-2018,19,0,21,1,3601
06-08-2018,20,0,20,1,3490
06-08-2018,11,0,26,2,3762
06-08-2018,12,0,26,2,3764
06-08-2018,13,0,27,2,3611
06-08-2018,14,0,28,2,3502
06-08-2018,7,0,22,6,2300
06-08-2018,8,0,23,6,2450
06-08-2018,6,0,21,7,2280
06-08-2018,21,0,20,7,2800
06-08-2018,22,0,19,7,2400
13-08-2018,9,0,24,0,3000
13-08-2018,10,0,25,0,3100
13-08-2018,11,0,26,0,3150
13-08-2018,12,0,26,0,3152
13-08-2018,13,0,27,0,2999
13-08-2018,14,0,28,0,2890
13-08-2018,15,0,29,0,2800
13-08-2018,16,0,24,0,2900
13-08-2018,17,0,25,0,3550
13-08-2018,18,0,22,1,3560
13-08-2018,19,0,21,1,3601
13-08-2018,20,0,20,1,3490
13-08-2018,7,0,22,6,2300
13-08-2018,8,0,23,6,2450
13-08-2018,6,0,21,7,2280
13-08-2018,21,0,20,7,2800
13-08-2018,22,0,19,7,2400
20-08-2018,9,0,24,0,3000
20-08-2018,10,0,25,0,3100
20-08-2018,11,0,26,0,3150
20-08-2018,12,0,26,0,3152
20-08-2018,13,0,27,0,2999
20-08-2018,14,0,28,0,2890
20-08-2018,15,0,29,0,2800
20-08-2018,16,0,24,0,2900
20-08-2018,17,0,25,0,3550
20-08-2018,18,0,22,1,3560
20-08-2018,19,0,21,1,3601
20-08-2018,20,0,20,1,3490
20-08-2018,7,0,22,6,2300
20-08-2018,8,0,23,6,2450
20-08-2018,6,0,21,7,2280
20-08-2018,21,0,20,7,2800
20-08-2018,22,0,19,7,2400
27-08-2018,9,0,24,0,3000
27-08-2018,10,0,25,0,3100
27-08-2018,11,0,26,0,3150
27-08-2018,12,0,26,0,3152
27-08-2018,13,0,27,0,2999
27-08-2018,14,0,28,0,2890
27-08-2018,15,0,29,0,2800
27-08-2018,16,0,24,0,2900
27-08-2018,17,0,25,0,3550
27-08-2018,18,0,22,1,3560
27-08-2018,19,0,21,1,3601
27-08-2018,20,0,20,1,3490
27-08-2018,7,0,22,6,2300
27-08-2018,8,0,23,6,2450
27-08-2018,6,0,21,7,2280
27-08-2018,21,0,20,7,2800
27-08-2018,22,0,19,7,2400
03-09-2018,9,0,24,0,3000
03-09-2018,10,0,25,0,3100
03-09-2018,11,0,26,0,3150
03-09-2018,12,0,26,0,3152
03-09-2018,13,0,27,0,2999
03-09-2018,14,0,28,0,2890
03-09-2018,15,0,29,0,2800
03-09-2018,16,0,24,0,2900
03-09-2018,17,0,25,0,3550
03-09-2018,18,0,22,1,3560
03-09-2018,19,0,21,1,3601
03-09-2018,20,0,20,1,3490
03-09-2018,7,0,22,6,2300
03-09-2018,8,0,23,6,2450
03-09-2018,6,0,21,7,2280
03-09-2018,21,0,20,7,2800
03-09-2018,22,0,19,7,2400
10-09-2018,9,0,24,0,3000
10-09-2018,10,0,25,0,3100
10-09-2018,11,0,26,0,3150
10-09-2018,12,0,26,0,3152
10-09-2018,13,0,27,0,2999
10-09-2018,16,0,24,0,2900
10-09-2018,17,0,25,0,3550
10-09-2018,18,0,22,1,3560
10-09-2018,19,0,21,1,3601
10-09-2018,20,0,20,1,3490
10-09-2018,14,0,28,2,3502
10-09-2018,15,0,29,2,3412
10-09-2018,7,0,22,6,2300
10-09-2018,8,0,23,6,2450
10-09-2018,6,0,21,7,2280
10-09-2018,21,0,20,7,2800
10-09-2018,22,0,19,7,2400
17-09-2018,9,0,24,0,3000
17-09-2018,10,0,25,0,3100
17-09-2018,11,0,26,0,3150
17-09-2018,12,0,26,0,3152
17-09-2018,13,0,27,0,2999
17-09-2018,14,0,28,0,2890
17-09-2018,15,0,29,0,2800
17-09-2018,16,0,24,0,2900
17-09-2018,17,0,25,0,3550
17-09-2018,18,0,22,1,3560
17-09-2018,19,0,21,1,3601
17-09-2018,20,0,20,1,3490
17-09-2018,7,0,22,6,2300
17-09-2018,8,0,23,6,2450
17-09-2018,6,0,21,7,2280
17-09-2018,21,0,20,7,2800
17-09-2018,22,0,19,7,2400
24-09-2018,9,0,24,0,3000
24-09-2018,10,0,25,0,3100
24-09-2018,11,0,26,0,3150
24-09-2018,12,0,26,0,3152
24-09-2018,13,0,27,0,2999
24-09-2018,14,0,28,0,2890
24-09-2018,15,0,29,0,2800
24-09-2018,16,0,24,0,2900
24-09-2018,17,0,25,0,3550
24-09-2018,18,0,22,1,3560
24-09-2018,19,0,21,1,3601
24-09-2018,20,0,20,1,3490
24-09-2018,7,0,22,6,2300
24-09-2018,8,0,23,6,2450
24-09-2018,6,0,21,7,2280
24-09-2018,21,0,20,7,2800
24-09-2018,22,0,19,7,2400
01-10-2018,9,0,22,0,3000
01-10-2018,10,0,23,0,3100
01-10-2018,11,0,24,0,3150
01-10-2018,12,0,24,0,3152
01-10-2018,13,0,25,0,2999
01-10-2018,14,0,26,0,2890
01-10-2018,15,0,27,0,2800
01-10-2018,16,0,22,0,2900
01-10-2018,17,0,23,0,3550
01-10-2018,18,0,20,1,3560
01-10-2018,19,0,19,1,3601
01-10-2018,20,0,18,1,3490
01-10-2018,7,0,20,6,2300
01-10-2018,8,0,21,6,2450
01-10-2018,6,0,19,7,2280
01-10-2018,21,0,18,7,2800
01-10-2018,22,0,17,7,2400
08-10-2018,9,0,22,0,3000
08-10-2018,10,0,23,0,3100
08-10-2018,11,0,24,0,3150
08-10-2018,12,0,24,0,3152
08-10-2018,13,0,25,0,2999
08-10-2018,14,0,26,0,2890
08-10-2018,15,0,27,0,2800
08-10-2018,16,0,22,0,2900
08-10-2018,17,0,23,0,3550
08-10-2018,18,0,20,1,3560
08-10-2018,19,0,19,1,3601
08-10-2018,20,0,18,1,3490
08-10-2018,7,0,20,6,2300
08-10-2018,8,0,21,6,2450
08-10-2018,6,0,19,7,2280
08-10-2018,21,0,18,7,2800
08-10-2018,22,0,17,7,2400
15-10-2018,9,0,22,0,3000
15-10-2018,10,0,23,0,3100
15-10-2018,11,0,24,0,3150
15-10-2018,12,0,24,0,3152
15-10-2018,13,0,25,0,2999
15-10-2018,14,0,26,0,2890
15-10-2018,15,0,27,0,2800
15-10-2018,16,0,22,0,2900
15-10-2018,17,0,23,0,3550
15-10-2018,18,0,20,1,3560
15-10-2018,19,0,19,1,3601
15-10-2018,20,0,18,1,3490
15-10-2018,7,0,20,6,2300
15-10-2018,8,0,21,6,2450
15-10-2018,6,0,19,7,2280
15-10-2018,21,0,18,7,2800
15-10-2018,22,0,17,7,2400
22-10-2018,9,0,22,0,3000
22-10-2018,10,0,23,0,3100
22-10-2018,11,0,24,0,3150
22-10-2018,12,0,24,0,3152
22-10-2018,13,0,25,0,2999
22-10-2018,14,0,26,0,2890
22-10-2018,15,0,27,0,2800
22-10-2018,16,0,22,0,2900
22-10-2018,17,0,23,0,3550
22-10-2018,18,0,20,1,3560
22-10-2018,19,0,19,1,3601
22-10-2018,20,0,18,1,3490
22-10-2018,7,0,20,6,2300
22-10-2018,8,0,21,6,2450
22-10-2018,6,0,19,7,2280
22-10-2018,21,0,18,7,2800
22-10-2018,22,0,17,7,2400
29-10-2018,9,0,22,0,3000
29-10-2018,10,0,23,0,3100
29-10-2018,11,0,24,0,3150
29-10-2018,12,0,24,0,3152
29-10-2018,13,0,25,0,2999
29-10-2018,14,0,26,0,2890
29-10-2018,15,0,27,0,2800
29-10-2018,16,0,22,0,2900
29-10-2018,17,0,23,0,3550
29-10-2018,18,0,20,1,3560
29-10-2018,19,0,19,1,3601
29-10-2018,20,0,18,1,3490
29-10-2018,7,0,20,6,2300
29-10-2018,8,0,21,6,2450
29-10-2018,6,0,19,7,2280
29-10-2018,21,0,18,7,2800
29-10-2018,22,0,17,7,2400
05-11-2018,9,0,21,0,3000
05-11-2018,10,0,22,0,3100
05-11-2018,11,0,23,0,3150
05-11-2018,12,0,23,0,3152
05-11-2018,13,0,24,0,2999
05-11-2018,14,0,25,0,2890
05-11-2018,15,0,26,0,2800
05-11-2018,16,0,21,0,2900
05-11-2018,17,0,22,0,3550
05-11-2018,18,0,19,1,3560
05-11-2018,19,0,18,1,3601
05-11-2018,20,0,17,1,3490
05-11-2018,7,0,19,6,2300
05-11-2018,8,0,20,6,2450
05-11-2018,6,0,18,7,2280
05-11-2018,21,0,17,7,2800
05-11-2018,22,0,16,7,2400
12-11-2018,9,0,21,0,3000
12-11-2018,10,0,22,0,3100
12-11-2018,11,0,23,0,3150
12-11-2018,12,0,23,0,3152
12-11-2018,13,0,24,0,2999
12-11-2018,14,0,25,0,2890
12-11-2018,15,0,26,0,2800
12-11-2018,16,0,21,0,2900
12-11-2018,17,0,22,0,3550
12-11-2018,18,0,19,1,3560
12-11-2018,19,0,18,1,3601
12-11-2018,20,0,17,1,3490
12-11-2018,7,0,19,6,2300
12-11-2018,8,0,20,6,2450
12-11-2018,6,0,18,7,2280
12-11-2018,21,0,17,7,2800
12-11-2018,22,0,16,7,2400
19-11-2018,9,0,21,0,3000
19-11-2018,10,0,22,0,3100
19-11-2018,11,0,23,0,3150
19-11-2018,12,0,23,0,3152
19-11-2018,13,0,24,0,2999
19-11-2018,14,0,25,0,2890
19-11-2018,15,0,26,0,2800
19-11-2018,16,0,21,0,2900
19-11-2018,17,0,22,0,3550
19-11-2018,18,0,19,1,3560
19-11-2018,19,0,18,1,3601
19-11-2018,20,0,17,1,3490
19-11-2018,7,0,19,6,2300
19-11-2018,8,0,20,6,2450
19-11-2018,6,0,18,7,2280
19-11-2018,21,0,17,7,2800
19-11-2018,22,0,16,7,2400
26-11-2018,9,0,21,0,3000
26-11-2018,10,0,22,0,3100
26-11-2018,11,0,23,0,3150
26-11-2018,12,0,23,0,3152
26-11-2018,13,0,24,0,2999
26-11-2018,14,0,25,0,2890
26-11-2018,15,0,26,0,2800
26-11-2018,16,0,21,0,2900
26-11-2018,17,0,22,0,3550
26-11-2018,18,0,19,1,3560
26-11-2018,19,0,18,1,3601
26-11-2018,20,0,17,1,3490
26-11-2018,7,0,19,6,2300
26-11-2018,8,0,20,6,2450
26-11-2018,6,0,18,7,2280
26-11-2018,21,0,17,7,2800
26-11-2018,22,0,16,7,2400
03-12-2018,9,0,20,0,3000
03-12-2018,10,0,21,0,3100
03-12-2018,11,0,22,0,3150
03-12-2018,12,0,22,0,3152
03-12-2018,13,0,23,0,2999
03-12-2018,14,0,24,0,2890
03-12-2018,15,0,25,0,2800
03-12-2018,16,0,20,0,2900
03-12-2018,17,0,21,0,3550
03-12-2018,18,0,18,2,4172
03-12-2018,19,0,17,2,4213
03-12-2018,20,0,16,2,4102
03-12-2018,7,0,18,6,2300
03-12-2018,8,0,19,6,2450
03-12-2018,6,0,17,7,2280
03-12-2018,21,0,16,7,2800
03-12-2018,22,0,15,7,2400
10-12-2018,9,0,20,0,3000
10-12-2018,10,0,21,0,3100
10-12-2018,11,0,22,0,3150
10-12-2018,12,0,22,0,3152
10-12-2018,13,0,23,0,2999
10-12-2018,14,0,24,0,2890
10-12-2018,15,0,25,0,2800
10-12-2018,16,0,20,0,2900
10-12-2018,17,0,21,0,3550
10-12-2018,18,0,18,1,3560
10-12-2018,19,0,17,1,3601
10-12-2018,20,0,16,1,3490
10-12-2018,7,0,18,6,2300
10-12-2018,8,0,19,6,2450
10-12-2018,6,0,17,7,2280
10-12-2018,21,0,16,7,2800
10-12-2018,22,0,15,7,2400
17-12-2018,9,0,20,0,3000
17-12-2018,10,0,21,0,3100
17-12-2018,11,0,22,0,3150
17-12-2018,12,0,22,0,3152
17-12-2018,13,0,23,0,2999
17-12-2018,14,0,24,0,2890
17-12-2018,15,0,25,0,2800
17-12-2018,16,0,20,0,2900
17-12-2018,17,0,21,0,3550
17-12-2018,18,0,18,1,3560
17-12-2018,19,0,17,1,3601
17-12-2018,20,0,16,1,3490
17-12-2018,7,0,18,6,2300
17-12-2018,8,0,19,6,2450
17-12-2018,6,0,17,7,2280
17-12-2018,21,0,16,7,2800
17-12-2018,22,0,15,7,2400
24-12-2018,9,0,20,0,3000
24-12-2018,10,0,21,0,3100
24-12-2018,11,0,22,0,3150
24-12-2018,12,0,22,0,3152
24-12-2018,13,0,23,0,2999
24-12-2018,14,0,24,0,2890
24-12-2018,15,0,25,0,2800
24-12-2018,16,0,20,0,2900
24-12-2018,17,0,21,0,3550
24-12-2018,18,0,18,1,3560
24-12-2018,19,0,17,1,3601
24-12-2018,20,0,16,1,3490
24-12-2018,7,0,18,6,2300
24-12-2018,8,0,19,6,2450
24-12-2018,6,0,17,7,2280
24-12-2018,21,0,16,7,2800
24-12-2018,22,0,15,7,2400
31-12-2018,9,0,20,0,3000
31-12-2018,10,0,21,0,3100
31-12-2018,11,0,22,0,3150
31-12-2018,12,0,22,0,3152
31-12-2018,13,0,23,0,2999
31-12-2018,14,0,24,0,2890
31-12-2018,15,0,25,0,2800
31-12-2018,16,0,20,0,2900
31-12-2018,17,0,21,0,3550
31-12-2018,18,0,18,1,3560
31-12-2018,19,0,17,1,3601
31-12-2018,20,0,16,1,3490
31-12-2018,7,0,18,6,2300
31-12-2018,8,0,19,6,2450
31-12-2018,6,0,17,7,2280
31-12-2018,21,0,16,7,2800
31-12-2018,22,0,15,7,2400
03-07-2018,9,1,23,0,3000
03-07-2018,10,1,24,0,3100
03-07-2018,11,1,25,0,3150
03-07-2018,12,1,25,0,3152
03-07-2018,13,1,26,0,2999
03-07-2018,14,1,27,0,2890
03-07-2018,15,1,28,0,2800
03-07-2018,16,1,23,0,2900
03-07-2018,17,1,24,0,3550
03-07-2018,18,1,21,1,3560
03-07-2018,19,1,20,1,3601
03-07-2018,20,1,19,1,3490
03-07-2018,7,1,21,6,2300
03-07-2018,8,1,22,6,2450
03-07-2018,6,1,20,7,2280
03-07-2018,21,1,19,7,2800
03-07-2018,22,1,18,7,2400
10-07-2018,9,1,23,0,3000
10-07-2018,10,1,24,0,3100
10-07-2018,11,1,25,0,3150
10-07-2018,12,1,25,0,3152
10-07-2018,13,1,26,0,2999
10-07-2018,14,1,27,0,2890
10-07-2018,15,1,28,0,2800
10-07-2018,16,1,23,0,2900
10-07-2018,17,1,24,0,3550
10-07-2018,18,1,21,1,3560
10-07-2018,19,1,20,1,3601
10-07-2018,20,1,19,1,3490
10-07-2018,7,1,21,6,2300
10-07-2018,8,1,22,6,2450
10-07-2018,6,1,20,7,2280
10-07-2018,21,1,19,7,2800
10-07-2018,22,1,18,7,2400
17-07-2018,9,1,23,0,3000
17-07-2018,10,1,24,0,3100
17-07-2018,11,1,25,0,3150
17-07-2018,12,1,25,0,3152
17-07-2018,13,1,26,0,2999
17-07-2018,14,1,27,0,2890
17-07-2018,15,1,28,0,2800
17-07-2018,16,1,23,0,2900
17-07-2018,17,1,24,0,3550
17-07-2018,18,1,21,1,3560
17-07-2018,19,1,20,1,3601
17-07-2018,20,1,19,1,3490
17-07-2018,7,1,21,6,2300
17-07-2018,8,1,22,6,2450
17-07-2018,6,1,20,7,2280
17-07-2018,21,1,19,7,2800
17-07-2018,22,1,18,7,2400
24-07-2018,9,1,23,0,3000
24-07-2018,10,1,24,0,3100
24-07-2018,11,1,25,0,3150
24-07-2018,12,1,25,0,3152
24-07-2018,13,1,26,0,2999
24-07-2018,14,1,27,0,2890
24-07-2018,15,1,28,0,2800
24-07-2018,16,1,23,0,2900
24-07-2018,17,1,24,0,3550
24-07-2018,18,1,21,1,3560
24-07-2018,19,1,20,1,3601
24-07-2018,20,1,19,1,3490
24-07-2018,7,1,21,6,2300
24-07-2018,8,1,22,6,2450
24-07-2018,6,1,20,7,2280
24-07-2018,21,1,19,7,2800
24-07-2018,22,1,18,7,2400
31-07-2018,9,1,23,0,3000
31-07-2018,10,1,24,0,3100
31-07-2018,11,1,25,0,3150
31-07-2018,12,1,25,0,3152
31-07-2018,13,1,26,0,2999
31-07-2018,14,1,27,0,2890
31-07-2018,15,1,28,0,2800
31-07-2018,16,1,23,0,2900
31-07-2018,17,1,24,0,3550
31-07-2018,18,1,21,1,3560
31-07-2018,19,1,20,1,3601
31-07-2018,20,1,19,1,3490
31-07-2018,7,1,21,6,2300
31-07-2018,8,1,22,6,2450
31-07-2018,6,1,20,7,2280
31-07-2018,21,1,19,7,2800
31-07-2018,22,1,18,7,2400
07-08-2018,10,1,25,0,3100
07-08-2018,11,1,26,0,3150
07-08-2018,12,1,26,0,3152
07-08-2018,13,1,27,0,2999
07-08-2018,14,1,28,0,2890
07-08-2018,15,1,29,0,2800
07-08-2018,16,1,24,0,2900
07-08-2018,17,1,25,0,3550
07-08-2018,18,1,22,1,3560
07-08-2018,19,1,21,1,3601
07-08-2018,20,1,20,1,3490
07-08-2018,7,1,22,2,2912
07-08-2018,8,1,23,2,3062
07-08-2018,9,1,24,2,3612
07-08-2018,6,1,21,7,2280
07-08-2018,21,1,20,7,2800
07-08-2018,22,1,19,7,2400
14-08-2018,9,1,24,0,3000
14-08-2018,10,1,25,0,3100
14-08-2018,11,1,26,0,3150
14-08-2018,12,1,26,0,3152
14-08-2018,13,1,27,0,2999
14-08-2018,14,1,28,0,2890
14-08-2018,15,1,29,0,2800
14-08-2018,16,1,24,0,2900
14-08-2018,17,1,25,0,3550
14-08-2018,18,1,22,1,3560
14-08-2018,19,1,21,1,3601
14-08-2018,20,1,20,1,3490
14-08-2018,7,1,22,6,2300
14-08-2018,8,1,23,6,2450
14-08-2018,6,1,21,7,2280
14-08-2018,21,1,20,7,2800
14-08-2018,22,1,19,7,2400
21-08-2018,11,1,26,0,3150
21-08-2018,12,1,26,0,3152
21-08-2018,13,1,27,0,2999
21-08-2018,14,1,28,0,2890
21-08-2018,15,1,29,0,2800
21-08-2018,16,1,24,0,2900
21-08-2018,17,1,25,0,3550
21-08-2018,18,1,22,1,3560
21-08-2018,19,1,21,1,3601
21-08-2018,20,1,20,1,3490
21-08-2018,8,1,23,2,3062
21-08-2018,9,1,24,2,3612
21-08-2018,10,1,25,2,3712
21-08-2018,7,1,22,6,2300
21-08-2018,6,1,21,7,2280
21-08-2018,21,1,20,7,2800
21-08-2018,22,1,19,7,2400
28-08-2018,9,1,24,0,3000
28-08-2018,10,1,25,0,3100
28-08-2018,11,1,26,0,3150
28-08-2018,12,1,26,0,3152
28-08-2018,13,1,27,0,2999
28-08-2018,14,1,28,0,2890
28-08-2018,15,1,29,0,2800
28-08-2018,16,1,24,0,2900
28-08-2018,17,1,25,0,3550
28-08-2018,18,1,22,1,3560
28-08-2018,19,1,21,1,3601
28-08-2018,20,1,20,1,3490
28-08-2018,7,1,22,6,2300
28-08-2018,8,1,23,6,2450
28-08-2018,6,1,21,7,2280
28-08-2018,21,1,20,7,2800
28-08-2018,22,1,19,7,2400
04-09-2018,9,1,24,0,3000
04-09-2018,10,1,25,0,3100
04-09-2018,11,1,26,0,3150
04-09-2018,12,1,26,0,3152
04-09-2018,13,1,27,0,2999
04-09-2018,14,1,28,0,2890
04-09-2018,15,1,29,0,2800
04-09-2018,16,1,24,0,2900
04-09-2018,17,1,25,0,3550
04-09-2018,18,1,22,1,3560
04-09-2018,19,1,21,1,3601
04-09-2018,20,1,20,1,3490
04-09-2018,7,1,22,6,2300
04-09-2018,8,1,23,6,2450
04-09-2018,6,1,21,7,2280
04-09-2018,21,1,20,7,2800
04-09-2018,22,1,19,7,2400
11-09-2018,9,1,24,0,3000
11-09-2018,10,1,25,0,3100
11-09-2018,11,1,26,0,3150
11-09-2018,12,1,26,0,3152
11-09-2018,13,1,27,0,2999
11-09-2018,14,1,28,0,2890
11-09-2018,15,1,29,0,2800
11-09-2018,16,1,24,0,2900
11-09-2018,17,1,25,0,3550
11-09-2018,18,1,22,1,3560
11-09-2018,19,1,21,1,3601
11-09-2018,20,1,20,1,3490
11-09-2018,7,1,22,6,2300
11-09-2018,8,1,23,6,2450
11-09-2018,6,1,21,7,2280
11-09-2018,21,1,20,7,2800
11-09-2018,22,1,19,7,2400
18-09-2018,9,1,24,0,3000
18-09-2018,10,1,25,0,3100
18-09-2018,11,1,26,0,3150
18-09-2018,12,1,26,0,3152
18-09-2018,13,1,27,0,2999
18-09-2018,14,1,28,0,2890
18-09-2018,15,1,29,0,2800
18-09-2018,16,1,24,0,2900
18-09-2018,17,1,25,0,3550
18-09-2018,18,1,22,1,3560
18-09-2018,19,1,21,1,3601
18-09-2018,20,1,20,1,3490
18-09-2018,7,1,22,6,2300
18-09-2018,8,1,23,6,2450
18-09-2018,6,1,21,7,2280
18-09-2018,21,1,20,7,2800
18-09-2018,22,1,19,7,2400
25-09-2018,9,1,24,0,3000
25-09-2018,10,1,25,0,3100
25-09-2018,11,1,26,0,3150
25-09-2018,12,1,26,0,3152
25-09-2018,13,1,27,0,2999
25-09-2018,14,1,28,0,2890
25-09-2018,15,1,29,0,2800
25-09-2018,16,1,24,0,2900
25-09-2018,17,1,25,0,3550
25-09-2018,18,1,22,1,3560
25-09-2018,19,1,21,1,3601
25-09-2018,20,1,20,1,3490
25-09-2018,7,1,22,6,2300
25-09-2018,8,1,23,6,2450
25-09-2018,6,1,21,7,2280
25-09-2018,21,1,20,7,2800
25-09-2018,22,1,19,7,2400
02-10-2018,9,1,22,0,3000
02-10-2018,10,1,23,0,3100
02-10-2018,11,1,24,0,3150
02-10-2018,12,1,24,0,3152
02-10-2018,13,1,25,0,2999
02-10-2018,14,1,26,0,2890
02-10-2018,15,1,27,0,2800
02-10-2018,16,1,22,0,2900
02-10-2018,17,1,23,0,3550
02-10-2018,18,1,20,1,3560
02-10-2018,19,1,19,1,3601
02-10-2018,20,1,18,1,3490
02-10-2018,7,1,20,6,2300
02-10-2018,8,1,21,6,2450
02-10-2018,6,1,19,7,2280
02-10-2018,21,1,18,7,2800
02-10-2018,22,1,17,7,2400
09-10-2018,9,1,22,0,3000
09-10-2018,10,1,23,0,3100
09-10-2018,11,1,24,0,3150
09-10-2018,12,1,24,0,3152
09-10-2018,13,1,25,0,2999
09-10-2018,14,1,26,0,2890
09-10-2018,15,1,27,0,2800
09-10-2018,16,1,22,0,2900
09-10-2018,17,1,23,0,3550
09-10-2018,18,1,20,1,3560
09-10-2018,19,1,19,1,3601
09-10-2018,20,1,18,1,3490
09-10-2018,7,1,20,6,2300
09-10-2018,8,1,21,6,2450
09-10-2018,6,1,19,7,2280
09-10-2018,21,1,18,7,2800
09-10-2018,22,1,17,7,2400
16-10-2018,9,1,22,0,3000
16-10-2018,10,1,23,0,3100
16-10-2018,11,1,24,0,3150
16-10-2018,12,1,24,0,3152
16-10-2018,13,1,25,0,2999
16-10-2018,14,1,26,0,2890
16-10-2018,15,1,27,0,2800
16-10-2018,16,1,22,0,2900
16-10-2018,17,1,23,0,3550
16-10-2018,18,1,20,1,3560
16-10-2018,19,1,19,1,3601
16-10-2018,20,1,18,1,3490
16-10-2018,7,1,20,6,2300
16-10-2018,8,1,21,6,2450
16-10-2018,6,1,19,7,2280
16-10-2018,21,1,18,7,2800
16-10-2018,22,1,17,7,2400
23-10-2018,9,1,22,0,3000
23-10-2018,10,1,23,0,3100
23-10-2018,11,1,24,0,3150
23-10-2018,12,1,24,0,3152
23-10-2018,13,1,25,0,2999
23-10-2018,14,1,26,0,2890
23-10-2018,15,1,27,0,2800
23-10-2018,16,1,22,0,2900
23-10-2018,17,1,23,0,3550
23-10-2018,18,1,20,1,3560
23-10-2018,19,1,19,1,3601
23-10-2018,20,1,18,1,3490
23-10-2018,7,1,20,6,2300
23-10-2018,8,1,21,6,2450
23-10-2018,6,1,19,7,2280
23-10-2018,21,1,18,7,2800
23-10-2018,22,1,17,7,2400
30-10-2018,9,1,22,0,3000
30-10-2018,10,1,23,0,3100
30-10-2018,11,1,24,0,3150
30-10-2018,12,1,24,0,3152
30-10-2018,13,1,25,0,2999
30-10-2018,14,1,26,0,2890
30-10-2018,15,1,27,0,2800
30-10-2018,16,1,22,0,2900
30-10-2018,17,1,23,0,3550
30-10-2018,18,1,20,1,3560
30-10-2018,19,1,19,1,3601
30-10-2018,20,1,18,1,3490
30-10-2018,7,1,20,6,2300
30-10-2018,8,1,21,6,2450
30-10-2018,6,1,19,7,2280
30-10-2018,21,1,18,7,2800
30-10-2018,22,1,17,7,2400
06-11-2018,9,1,21,0,3000
06-11-2018,10,1,22,0,3100
06-11-2018,11,1,23,0,3150
06-11-2018,12,1,23,0,3152
06-11-2018,13,1,24,0,2999
06-11-2018,14,1,25,0,2890
06-11-2018,15,1,26,0,2800
06-11-2018,16,1,21,0,2900
06-11-2018,17,1,22,0,3550
06-11-2018,18,1,19,1,3560
06-11-2018,19,1,18,1,3601
06-11-2018,20,1,17,1,3490
06-11-2018,7,1,19,6,2300
06-11-2018,8,1,20,6,2450
06-11-2018,6,1,18,7,2280
06-11-2018,21,1,17,7,2800
06-11-2018,22,1,16,7,2400
13-11-2018,9,1,21,0,3000
13-11-2018,10,1,22,0,3100
13-11-2018,11,1,23,0,3150
13-11-2018,12,1,23,0,3152
13-11-2018,13,1,24,0,2999
13-11-2018,14,1,25,0,2890
13-11-2018,15,1,26,0,2800
13-11-2018,16,1,21,0,2900
13-11-2018,17,1,22,0,3550
13-11-2018,18,1,19,1,3560
13-11-2018,19,1,18,1,3601
13-11-2018,20,1,17,1,3490
13-11-2018,7,1,19,6,2300
13-11-2018,8,1,20,6,2450
13-11-2018,6,1,18,7,2280
13-11-2018,21,1,17,7,2800
13-11-2018,22,1,16,7,2400
20-11-2018,9,1,21,0,3000
20-11-2018,10,1,22,0,3100
20-11-2018,11,1,23,0,3150
20-11-2018,12,1,23,0,3152
20-11-2018,13,1,24,0,2999
20-11-2018,14,1,25,0,2890
20-11-2018,15,1,26,0,2800
20-11-2018,16,1,21,0,2900
20-11-2018,17,1,22,0,3550
20-11-2018,18,1,19,1,3560
20-11-2018,19,1,18,1,3601
20-11-2018,20,1,17,1,3490
20-11-2018,7,1,19,6,2300
20-11-2018,8,1,20,6,2450
20-11-2018,6,1,18,7,2280
20-11-2018,21,1,17,7,2800
20-11-2018,22,1,16,7,2400
27-11-2018,9,1,21,0,3000
27-11-2018,10,1,22,0,3100
27-11-2018,11,1,23,0,3150
27-11-2018,12,1,23,0,3152
27-11-2018,13,1,24,0,2999
27-11-2018,14,1,25,0,2890
27-11-2018,15,1,26,0,2800
27-11-2018,16,1,21,0,2900
27-11-2018,17,1,22,0,3550
27-11-2018,18,1,19,1,3560
27-11-2018,19,1,18,1,3601
27-11-2018,20,1,17,1,3490
27-11-2018,7,1,19,6,2300
27-11-2018,8,1,20,6,2450
27-11-2018,6,1,18,7,2280
27-11-2018,21,1,17,7,2800
27-11-2018,22,1,16,7,2400
04-12-2018,9,1,20,0,3000
04-12-2018,10,1,21,0,3100
04-12-2018,11,1,22,0,3150
04-12-2018,12,1,22,0,3152
04-12-2018,13,1,23,0,2999
04-12-2018,14,1,24,0,2890
04-12-2018,15,1,25,0,2800
04-12-2018,16,1,20,0,2900
04-12-2018,17,1,21,0,3550
04-12-2018,18,1,18,1,3560
04-12-2018,19,1,17,1,3601
04-12-2018,20,1,16,1,3490
04-12-2018,7,1,18,6,2300
04-12-2018,8,1,19,6,2450
04-12-2018,6,1,17,7,2280
04-12-2018,21,1,16,7,2800
04-12-2018,22,1,15,7,2400
11-12-2018,9,1,20,0,3000
11-12-2018,10,1,21,0,3100
11-12-2018,11,1,22,0,3150
11-12-2018,12,1,22,0,3152
11-12-2018,13,1,23,0,2999
11-12-2018,14,1,24,0,2890
11-12-2018,15,1,25,0,2800
11-12-2018,16,1,20,0,2900
11-12-2018,17,1,21,0,3550
11-12-2018,18,1,18,1,3560
11-12-2018,19,1,17,1,3601
11-12-2018,20,1,16,1,3490
11-12-2018,7,1,18,6,2300
11-12-2018,8,1,19,6,2450
11-12-2018,6,1,17,7,2280
11-12-2018,21,1,16,7,2800
11-12-2018,22,1,15,7,2400
18-12-2018,9,1,20,0,3000
18-12-2018,10,1,21,0,3100
18-12-2018,11,1,22,0,3150
18-12-2018,12,1,22,0,3152
18-12-2018,13,1,23,0,2999
18-12-2018,14,1,24,0,2890
18-12-2018,15,1,25,0,2800
18-12-2018,16,1,20,0,2900
18-12-2018,17,1,21,0,3550
18-12-2018,18,1,18,1,3560
18-12-2018,19,1,17,1,3601
18-12-2018,20,1,16,1,3490
18-12-2018,7,1,18,6,2300
18-12-2018,8,1,19,6,2450
18-12-2018,6,1,17,7,2280
18-12-2018,21,1,16,7,2800
18-12-2018,22,1,15,7,2400
25-12-2018,9,1,20,0,3000
25-12-2018,10,1,21,0,3100
25-12-2018,11,1,22,0,3150
25-12-2018,12,1,22,0,3152
25-12-2018,13,1,23,0,2999
25-12-2018,14,1,24,0,2890
25-12-2018,15,1,25,0,2800
25-12-2018,16,1,20,0,2900
25-12-2018,17,1,21,0,3550
25-12-2018,18,1,18,1,3560
25-12-2018,19,1,17,1,3601
25-12-2018,20,1,16,1,3490
25-12-2018,7,1,18,6,2300
25-12-2018,8,1,19,6,2450
25-12-2018,6,1,17,7,2280
25-12-2018,21,1,16,7,2800
25-12-2018,22,1,15,7,2400
04-07-2018,9,2,23,0,3000
04-07-2018,10,2,24,0,3100
04-07-2018,11,2,25,0,3150
04-07-2018,12,2,25,0,3152
04-07-2018,13,2,26,0,2999
04-07-2018,14,2,27,0,2890
04-07-2018,15,2,28,0,2800
04-07-2018,16,2,23,0,2900
04-07-2018,17,2,24,0,3550
04-07-2018,18,2,21,1,3560
04-07-2018,19,2,20,1,3601
04-07-2018,20,2,19,1,3490
04-07-2018,7,2,21,6,2300
04-07-2018,8,2,22,6,2450
04-07-2018,6,2,20,7,2280
04-07-2018,21,2,19,7,2800
04-07-2018,22,2,18,7,2400
11-07-2018,9,2,23,0,3000
11-07-2018,10,2,24,0,3100
11-07-2018,11,2,25,0,3150
11-07-2018,12,2,25,0,3152
11-07-2018,13,2,26,0,2999
11-07-2018,14,2,27,0,2890
11-07-2018,15,2,28,0,2800
11-07-2018,16,2,23,0,2900
11-07-2018,17,2,24,0,3550
11-07-2018,18,2,21,1,3560
11-07-2018,19,2,20,1,3601
11-07-2018,20,2,19,1,3490
11-07-2018,7,2,21,6,2300
11-07-2018,8,2,22,6,2450
11-07-2018,6,2,20,7,2280
11-07-2018,21,2,19,7,2800
11-07-2018,22,2,18,7,2400
18-07-2018,9,2,23,0,3000
18-07-2018,10,2,24,0,3100
18-07-2018,11,2,25,0,3150
18-07-2018,12,2,25,0,3152
18-07-2018,13,2,26,0,2999
18-07-2018,14,2,27,0,2890
18-07-2018,15,2,28,0,2800
18-07-2018,16,2,23,0,2900
18-07-2018,17,2,24,0,3550
18-07-2018,18,2,21,1,3560
18-07-2018,19,2,20,1,3601
18-07-2018,20,2,19,1,3490
18-07-2018,7,2,21,6,2300
18-07-2018,8,2,22,6,2450
18-07-2018,6,2,20,7,2280
18-07-2018,21,2,19,7,2800
18-07-2018,22,2,18,7,2400
25-07-2018,9,2,23,0,3000
25-07-2018,10,2,24,0,3100
25-07-2018,11,2,25,0,3150
25-07-2018,12,2,25,0,3152
25-07-2018,13,2,26,0,2999
25-07-2018,14,2,27,0,2890
25-07-2018,15,2,28,0,2800
25-07-2018,16,2,23,0,2900
25-07-2018,17,2,24,0,3550
25-07-2018,18,2,21,1,3560
25-07-2018,19,2,20,1,3601
25-07-2018,20,2,19,1,3490
25-07-2018,7,2,21,6,2300
25-07-2018,8,2,22,6,2450
25-07-2018,6,2,20,7,2280
25-07-2018,21,2,19,7,2800
25-07-2018,22,2,18,7,2400
01-08-2018,9,2,24,0,3000
01-08-2018,10,2,25,0,3100
01-08-2018,11,2,26,0,3150
01-08-2018,12,2,26,0,3152
01-08-2018,13,2,27,0,2999
01-08-2018,14,2,28,0,2890
01-08-2018,15,2,29,0,2800
01-08-2018,16,2,24,0,2900
01-08-2018,17,2,25,0,3550
01-08-2018,18,2,22,1,3560
01-08-2018,19,2,21,1,3601
01-08-2018,20,2,20,1,3490
01-08-2018,7,2,22,6,2300
01-08-2018,8,2,23,6,2450
01-08-2018,6,2,21,7,2280
01-08-2018,21,2,20,7,2800
01-08-2018,22,2,19,7,2400
08-08-2018,9,2,24,0,3000
08-08-2018,10,2,25,0,3100
08-08-2018,11,2,26,0,3150
08-08-2018,12,2,26,0,3152
08-08-2018,13,2,27,0,2999
08-08-2018,14,2,28,0,2890
08-08-2018,15,2,29,0,2800
08-08-2018,16,2,24,0,2900
08-08-2018,17,2,25,0,3550
08-08-2018,18,2,22,1,3560
08-08-2018,19,2,21,1,3601
08-08-2018,20,2,20,1,3490
08-08-2018,7,2,22,6,2300
08-08-2018,8,2,23,6,2450
08-08-2018,6,2,21,7,2280
08-08-2018,21,2,20,7,2800
08-08-2018,22,2,19,7,2400
15-08-2018,9,2,24,0,3000
15-08-2018,10,2,25,0,3100
15-08-2018,11,2,26,0,3150
15-08-2018,12,2,26,0,3152
15-08-2018,13,2,27,0,2999
15-08-2018,14,2,28,0,2890
15-08-2018,15,2,29,0,2800
15-08-2018,16,2,24,0,2900
15-08-2018,17,2,25,0,3550
15-08-2018,18,2,22,1,3560
15-08-2018,19,2,21,1,3601
15-08-2018,20,2,20,1,3490
15-08-2018,7,2,22,6,2300
15-08-2018,8,2,23,6,2450
15-08-2018,6,2,21,7,2280
15-08-2018,21,2,20,7,2800
15-08-2018,22,2,19,7,2400
22-08-2018,9,2,24,0,3000
22-08-2018,10,2,25,0,3100
22-08-2018,11,2,26,0,3150
22-08-2018,12,2,26,0,3152
22-08-2018,13,2,27,0,2999
22-08-2018,14,2,28,0,2890
22-08-2018,15,2,29,0,2800
22-08-2018,16,2,24,0,2900
22-08-2018,17,2,25,0,3550
22-08-2018,18,2,22,1,3560
22-08-2018,19,2,21,1,3601
22-08-2018,20,2,20,1,3490
22-08-2018,7,2,22,6,2300
22-08-2018,8,2,23,6,2450
22-08-2018,6,2,21,7,2280
22-08-2018,21,2,20,7,2800
22-08-2018,22,2,19,7,2400
29-08-2018,9,2,24,0,3000
29-08-2018,10,2,25,0,3100
29-08-2018,11,2,26,0,3150
29-08-2018,12,2,26,0,3152
29-08-2018,13,2,27,0,2999
29-08-2018,14,2,28,0,2890
29-08-2018,15,2,29,0,2800
29-08-2018,16,2,24,0,2900
29-08-2018,17,2,25,0,3550
29-08-2018,18,2,22,1,3560
29-08-2018,19,2,21,1,3601
29-08-2018,20,2,20,1,3490
29-08-2018,7,2,22,6,2300
29-08-2018,8,2,23,6,2450
29-08-2018,6,2,21,7,2280
29-08-2018,21,2,20,7,2800
29-08-2018,22,2,19,7,2400
05-09-2018,9,2,24,0,3000
05-09-2018,10,2,25,0,3100
05-09-2018,11,2,26,0,3150
05-09-2018,12,2,26,0,3152
05-09-2018,13,2,27,0,2999
05-09-2018,14,2,28,0,2890
05-09-2018,15,2,29,0,2800
05-09-2018,16,2,24,0,2900
05-09-2018,17,2,25,0,3550
05-09-2018,18,2,22,1,3560
05-09-2018,19,2,21,1,3601
05-09-2018,20,2,20,1,3490
05-09-2018,7,2,22,6,2300
05-09-2018,8,2,23,6,2450
05-09-2018,6,2,21,7,2280
05-09-2018,21,2,20,7,2800
05-09-2018,22,2,19,7,2400
12-09-2018,9,2,24,0,3000
12-09-2018,10,2,25,0,3100
12-09-2018,11,2,26,0,3150
12-09-2018,12,2,26,0,3152
12-09-2018,13,2,27,0,2999
12-09-2018,14,2,28,0,2890
12-09-2018,15,2,29,0,2800
12-09-2018,16,2,24,0,2900
12-09-2018,17,2,25,0,3550
12-09-2018,18,2,22,1,3560
12-09-2018,19,2,21,1,3601
12-09-2018,20,2,20,1,3490
12-09-2018,7,2,22,6,2300
12-09-2018,8,2,23,6,2450
12-09-2018,6,2,21,7,2280
12-09-2018,21,2,20,7,2800
12-09-2018,22,2,19,7,2400
19-09-2018,9,2,24,0,3000
19-09-2018,10,2,25,0,3100
19-09-2018,11,2,26,0,3150
19-09-2018,12,2,26,0,3152
19-09-2018,13,2,27,0,2999
19-09-2018,14,2,28,0,2890
19-09-2018,15,2,29,0,2800
19-09-2018,16,2,24,0,2900
19-09-2018,17,2,25,0,3550
19-09-2018,18,2,22,1,3560
19-09-2018,19,2,21,1,3601
19-09-2018,20,2,20,1,3490
19-09-2018,7,2,22,6,2300
19-09-2018,8,2,23,6,2450
19-09-2018,6,2,21,7,2280
19-09-2018,21,2,20,7,2800
19-09-2018,22,2,19,7,2400
26-09-2018,9,2,24,0,3000
26-09-2018,10,2,25,0,3100
26-09-2018,11,2,26,0,3150
26-09-2018,12,2,26,0,3152
26-09-2018,13,2,27,0,2999
26-09-2018,14,2,28,0,2890
26-09-2018,15,2,29,0,2800
26-09-2018,16,2,24,0,2900
26-09-2018,17,2,25,0,3550
26-09-2018,18,2,22,1,3560
26-09-2018,19,2,21,1,3601
26-09-2018,20,2,20,1,3490
26-09-2018,7,2,22,6,2300
26-09-2018,8,2,23,6,2450
26-09-2018,6,2,21,7,2280
26-09-2018,21,2,20,7,2800
26-09-2018,22,2,19,7,2400
03-10-2018,9,2,22,0,3000
03-10-2018,10,2,23,0,3100
03-10-2018,11,2,24,0,3150
03-10-2018,12,2,24,0,3152
03-10-2018,13,2,25,0,2999
03-10-2018,14,2,26,0,2890
03-10-2018,15,2,27,0,2800
03-10-2018,16,2,22,0,2900
03-10-2018,17,2,23,0,3550
03-10-2018,18,2,20,1,3560
03-10-2018,19,2,19,1,3601
03-10-2018,20,2,18,1,3490
03-10-2018,7,2,20,6,2300
03-10-2018,8,2,21,6,2450
03-10-2018,6,2,19,7,2280
03-10-2018,21,2,18,7,2800
03-10-2018,22,2,17,7,2400
10-10-2018,9,2,22,0,3000
10-10-2018,10,2,23,0,3100
10-10-2018,11,2,24,0,3150
10-10-2018,12,2,24,0,3152
10-10-2018,13,2,25,0,2999
10-10-2018,14,2,26,0,2890
10-10-2018,15,2,27,0,2800
10-10-2018,16,2,22,0,2900
10-10-2018,17,2,23,0,3550
10-10-2018,18,2,20,1,3560
10-10-2018,19,2,19,1,3601
10-10-2018,20,2,18,1,3490
10-10-2018,7,2,20,6,2300
10-10-2018,8,2,21,6,2450
10-10-2018,6,2,19,7,2280
10-10-2018,21,2,18,7,2800
10-10-2018,22,2,17,7,2400
17-10-2018,9,2,22,0,3000
17-10-2018,10,2,23,0,3100
17-10-2018,11,2,24,0,3150
17-10-2018,12,2,24,0,3152
17-10-2018,13,2,25,0,2999
17-10-2018,14,2,26,0,2890
17-10-2018,15,2,27,0,2800
17-10-2018,16,2,22,0,2900
17-10-2018,17,2,23,0,3550
17-10-2018,18,2,20,1,3560
17-10-2018,19,2,19,1,3601
17-10-2018,20,2,18,1,3490
17-10-2018,7,2,20,6,2300
17-10-2018,8,2,21,6,2450
17-10-2018,6,2,19,7,2280
17-10-2018,21,2,18,7,2800
17-10-2018,22,2,17,7,2400
24-10-2018,9,2,22,0,3000
24-10-2018,10,2,23,0,3100
24-10-2018,11,2,24,0,3150
24-10-2018,12,2,24,0,3152
24-10-2018,13,2,25,0,2999
24-10-2018,14,2,26,0,2890
24-10-2018,15,2,27,0,2800
24-10-2018,16,2,22,0,2900
24-10-2018,17,2,23,0,3550
24-10-2018,18,2,20,1,3560
24-10-2018,19,2,19,1,3601
24-10-2018,20,2,18,1,3490
24-10-2018,7,2,20,6,2300
24-10-2018,8,2,21,6,2450
24-10-2018,6,2,19,7,2280
24-10-2018,21,2,18,7,2800
24-10-2018,22,2,17,7,2400
31-10-2018,9,2,22,0,3000
31-10-2018,10,2,23,0,3100
31-10-2018,11,2,24,0,3150
31-10-2018,12,2,24,0,3152
31-10-2018,13,2,25,0,2999
31-10-2018,14,2,26,0,2890
31-10-2018,15,2,27,0,2800
31-10-2018,16,2,22,0,2900
31-10-2018,17,2,23,0,3550
31-10-2018,18,2,20,1,3560
31-10-2018,19,2,19,1,3601
31-10-2018,20,2,18,1,3490
31-10-2018,7,2,20,6,2300
31-10-2018,8,2,21,6,2450
31-10-2018,6,2,19,7,2280
31-10-2018,21,2,18,7,2800
31-10-2018,22,2,17,7,2400
07-11-2018,9,2,21,0,3000
07-11-2018,10,2,22,0,3100
07-11-2018,11,2,23,0,3150
07-11-2018,12,2,23,0,3152
07-11-2018,13,2,24,0,2999
07-11-2018,14,2,25,0,2890
07-11-2018,15,2,26,0,2800
07-11-2018,16,2,21,0,2900
07-11-2018,17,2,22,0,3550
07-11-2018,18,2,19,1,3560
07-11-2018,19,2,18,1,3601
07-11-2018,20,2,17,1,3490
07-11-2018,7,2,19,6,2300
07-11-2018,8,2,20,6,2450
07-11-2018,6,2,18,7,2280
07-11-2018,21,2,17,7,2800
07-11-2018,22,2,16,7,2400
14-11-2018,9,2,21,0,3000
14-11-2018,10,2,22,0,3100
14-11-2018,11,2,23,0,3150
14-11-2018,12,2,23,0,3152
14-11-2018,13,2,24,0,2999
14-11-2018,14,2,25,0,2890
14-11-2018,15,2,26,0,2800
14-11-2018,16,2,21,0,2900
14-11-2018,17,2,22,0,3550
14-11-2018,18,2,19,1,3560
14-11-2018,19,2,18,1,3601
14-11-2018,20,2,17,1,3490
14-11-2018,7,2,19,6,2300
14-11-2018,8,2,20,6,2450
14-11-2018,6,2,18,7,2280
14-11-2018,21,2,17,7,2800
14-11-2018,22,2,16,7,2400
21-11-2018,9,2,21,0,3000
21-11-2018,10,2,22,0,3100
21-11-2018,11,2,23,0,3150
21-11-2018,12,2,23,0,3152
21-11-2018,13,2,24,0,2999
21-11-2018,14,2,25,0,2890
21-11-2018,15,2,26,0,2800
21-11-2018,16,2,21,0,2900
21-11-2018,17,2,22,0,3550
21-11-2018,18,2,19,1,3560
21-11-2018,19,2,18,1,3601
21-11-2018,20,2,17,1,3490
21-11-2018,7,2,19,6,2300
21-11-2018,8,2,20,6,2450
21-11-2018,6,2,18,7,2280
21-11-2018,21,2,17,7,2800
21-11-2018,22,2,16,7,2400
28-11-2018,9,2,21,0,3000
28-11-2018,10,2,22,0,3100
28-11-2018,11,2,23,0,3150
28-11-2018,12,2,23,0,3152
28-11-2018,13,2,24,0,2999
28-11-2018,14,2,25,0,2890
28-11-2018,15,2,26,0,2800
28-11-2018,16,2,21,0,2900
28-11-2018,17,2,22,0,3550
28-11-2018,18,2,19,1,3560
28-11-2018,19,2,18,1,3601
28-11-2018,20,2,17,1,3490
28-11-2018,7,2,19,6,2300
28-11-2018,8,2,20,6,2450
28-11-2018,6,2,18,7,2280
28-11-2018,21,2,17,7,2800
28-11-2018,22,2,16,7,2400
05-12-2018,9,2,20,0,3000
05-12-2018,10,2,21,0,3100
05-12-2018,11,2,22,0,3150
05-12-2018,12,2,22,0,3152
05-12-2018,13,2,23,0,2999
05-12-2018,14,2,24,0,2890
05-12-2018,15,2,25,0,2800
05-12-2018,16,2,20,0,2900
05-12-2018,17,2,21,0,3550
05-12-2018,18,2,18,1,3560
05-12-2018,19,2,17,1,3601
05-12-2018,20,2,16,1,3490
05-12-2018,7,2,18,6,2300
05-12-2018,8,2,19,6,2450
05-12-2018,6,2,17,7,2280
05-12-2018,21,2,16,7,2800
05-12-2018,22,2,15,7,2400
12-12-2018,9,2,20,0,3000
12-12-2018,10,2,21,0,3100
12-12-2018,11,2,22,0,3150
12-12-2018,12,2,22,0,3152
12-12-2018,13,2,23,0,2999
12-12-2018,14,2,24,0,2890
12-12-2018,15,2,25,0,2800
12-12-2018,16,2,20,0,2900
12-12-2018,17,2,21,0,3550
12-12-2018,18,2,18,1,3560
12-12-2018,19,2,17,1,3601
12-12-2018,20,2,16,1,3490
12-12-2018,7,2,18,6,2300
12-12-2018,8,2,19,6,2450
12-12-2018,6,2,17,7,2280
12-12-2018,21,2,16,7,2800
12-12-2018,22,2,15,7,2400
19-12-2018,9,2,20,0,3000
19-12-2018,10,2,21,0,3100
19-12-2018,11,2,22,0,3150
19-12-2018,12,2,22,0,3152
19-12-2018,13,2,23,0,2999
19-12-2018,14,2,24,0,2890
19-12-2018,15,2,25,0,2800
19-12-2018,16,2,20,0,2900
19-12-2018,17,2,21,0,3550
19-12-2018,18,2,18,1,3560
19-12-2018,19,2,17,1,3601
19-12-2018,20,2,16,1,3490
19-12-2018,7,2,18,6,2300
19-12-2018,8,2,19,6,2450
19-12-2018,6,2,17,7,2280
19-12-2018,21,2,16,7,2800
19-12-2018,22,2,15,7,2400
26-12-2018,9,2,20,0,3000
26-12-2018,10,2,21,0,3100
26-12-2018,11,2,22,0,3150
26-12-2018,12,2,22,0,3152
26-12-2018,13,2,23,0,2999
26-12-2018,14,2,24,0,2890
26-12-2018,15,2,25,0,2800
26-12-2018,16,2,20,0,2900
26-12-2018,17,2,21,0,3550
26-12-2018,18,2,18,1,3560
26-12-2018,19,2,17,1,3601
26-12-2018,20,2,16,1,3490
26-12-2018,7,2,18,6,2300
26-12-2018,8,2,19,6,2450
26-12-2018,6,2,17,7,2280
26-12-2018,21,2,16,7,2800
26-12-2018,22,2,15,7,2400
05-07-2018,9,3,23,0,3000
05-07-2018,10,3,24,0,3100
05-07-2018,11,3,25,0,3150
05-07-2018,12,3,25,0,3152
05-07-2018,13,3,26,0,2999
05-07-2018,14,3,27,0,2890
05-07-2018,15,3,28,0,2800
05-07-2018,16,3,23,0,2900
05-07-2018,17,3,24,0,3550
05-07-2018,18,3,21,1,3560
05-07-2018,19,3,20,1,3601
05-07-2018,20,3,19,1,3490
05-07-2018,7,3,21,6,2300
05-07-2018,8,3,22,6,2450
05-07-2018,6,3,20,7,2280
05-07-2018,21,3,19,7,2800
05-07-2018,22,3,18,7,2400
12-07-2018,9,3,23,0,3000
12-07-2018,10,3,24,0,3100
12-07-2018,11,3,25,0,3150
12-07-2018,12,3,25,0,3152
12-07-2018,13,3,26,0,2999
12-07-2018,14,3,27,0,2890
12-07-2018,15,3,28,0,2800
12-07-2018,16,3,23,0,2900
12-07-2018,17,3,24,0,3550
12-07-2018,18,3,21,1,3560
12-07-2018,19,3,20,1,3601
12-07-2018,20,3,19,1,3490
12-07-2018,7,3,21,6,2300
12-07-2018,8,3,22,6,2450
12-07-2018,6,3,20,7,2280
12-07-2018,21,3,19,7,2800
12-07-2018,22,3,18,7,2400
19-07-2018,9,3,23,0,3000
19-07-2018,10,3,24,0,3100
19-07-2018,11,3,25,0,3150
19-07-2018,12,3,25,0,3152
19-07-2018,13,3,26,0,2999
19-07-2018,14,3,27,0,2890
19-07-2018,15,3,28,0,2800
19-07-2018,16,3,23,0,2900
19-07-2018,17,3,24,0,3550
19-07-2018,18,3,21,1,3560
19-07-2018,19,3,20,1,3601
19-07-2018,20,3,19,1,3490
19-07-2018,7,3,21,6,2300
19-07-2018,8,3,22,6,2450
19-07-2018,6,3,20,7,2280
19-07-2018,21,3,19,7,2800
19-07-2018,22,3,18,7,2400
26-07-2018,9,3,23,0,3000
26-07-2018,10,3,24,0,3100
26-07-2018,11,3,25,0,3150
26-07-2018,12,3,25,0,3152
26-07-2018,13,3,26,0,2999
26-07-2018,14,3,27,0,2890
26-07-2018,15,3,28,0,2800
26-07-2018,16,3,23,0,2900
26-07-2018,17,3,24,0,3550
26-07-2018,18,3,21,1,3560
26-07-2018,19,3,20,1,3601
26-07-2018,20,3,19,1,3490
26-07-2018,7,3,21,6,2300
26-07-2018,8,3,22,6,2450
26-07-2018,6,3,20,7,2280
26-07-2018,21,3,19,7,2800
26-07-2018,22,3,18,7,2400
02-08-2018,9,3,24,0,3000
02-08-2018,10,3,25,0,3100
02-08-2018,11,3,26,0,3150
02-08-2018,12,3,26,0,3152
02-08-2018,13,3,27,0,2999
02-08-2018,14,3,28,0,2890
02-08-2018,15,3,29,0,2800
02-08-2018,16,3,24,0,2900
02-08-2018,17,3,25,0,3550
02-08-2018,18,3,22,1,3560
02-08-2018,19,3,21,1,3601
02-08-2018,20,3,20,1,3490
02-08-2018,7,3,22,6,2300
02-08-2018,8,3,23,6,2450
02-08-2018,6,3,21,7,2280
02-08-2018,21,3,20,7,2800
02-08-2018,22,3,19,7,2400
09-08-2018,9,3,24,0,3000
09-08-2018,10,3,25,0,3100
09-08-2018,11,3,26,0,3150
09-08-2018,12,3,26,0,3152
09-08-2018,13,3,27,0,2999
09-08-2018,14,3,28,0,2890
09-08-2018,15,3,29,0,2800
09-08-2018,16,3,24,0,2900
09-08-2018,17,3,25,0,3550
09-08-2018,18,3,22,1,3560
09-08-2018,19,3,21,1,3601
09-08-2018,20,3,20,1,3490
09-08-2018,7,3,22,6,2300
09-08-2018,8,3,23,6,2450
09-08-2018,6,3,21,7,2280
09-08-2018,21,3,20,7,2800
09-08-2018,22,3,19,7,2400
16-08-2018,9,3,24,0,3000
16-08-2018,10,3,25,0,3100
16-08-2018,11,3,26,0,3150
16-08-2018,12,3,26,0,3152
16-08-2018,13,3,27,0,2999
16-08-2018,14,3,28,0,2890
16-08-2018,15,3,29,0,2800
16-08-2018,16,3,24,0,2900
16-08-2018,17,3,25,0,3550
16-08-2018,18,3,22,1,3560
16-08-2018,19,3,21,1,3601
16-08-2018,20,3,20,1,3490
16-08-2018,7,3,22,6,2300
16-08-2018,8,3,23,6,2450
16-08-2018,6,3,21,7,2280
16-08-2018,21,3,20,7,2800
16-08-2018,22,3,19,7,2400
23-08-2018,9,3,24,0,3000
23-08-2018,10,3,25,0,3100
23-08-2018,11,3,26,0,3150
23-08-2018,12,3,26,0,3152
23-08-2018,13,3,27,0,2999
23-08-2018,14,3,28,0,2890
23-08-2018,15,3,29,0,2800
23-08-2018,16,3,24,0,2900
23-08-2018,17,3,25,0,3550
23-08-2018,18,3,22,1,3560
23-08-2018,19,3,21,1,3601
23-08-2018,20,3,20,1,3490
23-08-2018,7,3,22,6,2300
23-08-2018,8,3,23,6,2450
23-08-2018,6,3,21,7,2280
23-08-2018,21,3,20,7,2800
23-08-2018,22,3,19,7,2400
30-08-2018,9,3,24,0,3000
30-08-2018,10,3,25,0,3100
30-08-2018,11,3,26,0,3150
30-08-2018,12,3,26,0,3152
30-08-2018,13,3,27,0,2999
30-08-2018,14,3,28,0,2890
30-08-2018,15,3,29,0,2800
30-08-2018,16,3,24,0,2900
30-08-2018,17,3,25,0,3550
30-08-2018,18,3,22,1,3560
30-08-2018,19,3,21,1,3601
30-08-2018,20,3,20,1,3490
30-08-2018,7,3,22,6,2300
30-08-2018,8,3,23,6,2450
30-08-2018,6,3,21,7,2280
30-08-2018,21,3,20,7,2800
30-08-2018,22,3,19,7,2400
06-09-2018,9,3,24,0,3000
06-09-2018,10,3,25,0,3100
06-09-2018,11,3,26,0,3150
06-09-2018,12,3,26,0,3152
06-09-2018,13,3,27,0,2999
06-09-2018,14,3,28,0,2890
06-09-2018,15,3,29,0,2800
06-09-2018,16,3,24,0,2900
06-09-2018,17,3,25,0,3550
06-09-2018,18,3,22,1,3560
06-09-2018,19,3,21,1,3601
06-09-2018,20,3,20,1,3490
06-09-2018,7,3,22,6,2300
06-09-2018,8,3,23,6,2450
06-09-2018,6,3,21,7,2280
06-09-2018,21,3,20,7,2800
06-09-2018,22,3,19,7,2400
13-09-2018,9,3,24,0,3000
13-09-2018,10,3,25,0,3100
13-09-2018,11,3,26,0,3150
13-09-2018,12,3,26,0,3152
13-09-2018,13,3,27,0,2999
13-09-2018,14,3,28,0,2890
13-09-2018,15,3,29,0,2800
13-09-2018,16,3,24,0,2900
13-09-2018,17,3,25,0,3550
13-09-2018,18,3,22,1,3560
13-09-2018,19,3,21,1,3601
13-09-2018,20,3,20,1,3490
13-09-2018,7,3,22,6,2300
13-09-2018,8,3,23,6,2450
13-09-2018,6,3,21,7,2280
13-09-2018,21,3,20,7,2800
13-09-2018,22,3,19,7,2400
20-09-2018,9,3,24,0,3000
20-09-2018,10,3,25,0,3100
20-09-2018,11,3,26,0,3150
20-09-2018,12,3,26,0,3152
20-09-2018,13,3,27,0,2999
20-09-2018,14,3,28,0,2890
20-09-2018,15,3,29,0,2800
20-09-2018,16,3,24,0,2900
20-09-2018,17,3,25,0,3550
20-09-2018,18,3,22,1,3560
20-09-2018,19,3,21,1,3601
20-09-2018,20,3,20,1,3490
20-09-2018,7,3,22,6,2300
20-09-2018,8,3,23,6,2450
20-09-2018,6,3,21,7,2280
20-09-2018,21,3,20,7,2800
20-09-2018,22,3,19,7,2400
27-09-2018,9,3,24,0,3000
27-09-2018,10,3,25,0,3100
27-09-2018,11,3,26,0,3150
27-09-2018,12,3,26,0,3152
27-09-2018,13,3,27,0,2999
27-09-2018,14,3,28,0,2890
27-09-2018,15,3,29,0,2800
27-09-2018,16,3,24,0,2900
27-09-2018,17,3,25,0,3550
27-09-2018,18,3,22,1,3560
27-09-2018,19,3,21,1,3601
27-09-2018,20,3,20,1,3490
27-09-2018,7,3,22,6,2300
27-09-2018,8,3,23,6,2450
27-09-2018,6,3,21,7,2280
27-09-2018,21,3,20,7,2800
27-09-2018,22,3,19,7,2400
04-10-2018,9,3,22,0,3000
04-10-2018,10,3,23,0,3100
04-10-2018,11,3,24,0,3150
04-10-2018,12,3,24,0,3152
04-10-2018,13,3,25,0,2999
04-10-2018,14,3,26,0,2890
04-10-2018,15,3,27,0,2800
04-10-2018,16,3,22,0,2900
04-10-2018,17,3,23,0,3550
04-10-2018,18,3,20,1,3560
04-10-2018,19,3,19,1,3601
04-10-2018,20,3,18,1,3490
04-10-2018,7,3,20,6,2300
04-10-2018,8,3,21,6,2450
04-10-2018,6,3,19,7,2280
04-10-2018,21,3,18,7,2800
04-10-2018,22,3,17,7,2400
11-10-2018,9,3,22,0,3000
11-10-2018,10,3,23,0,3100
11-10-2018,11,3,24,0,3150
11-10-2018,12,3,24,0,3152
11-10-2018,13,3,25,0,2999
11-10-2018,14,3,26,0,2890
11-10-2018,15,3,27,0,2800
11-10-2018,16,3,22,0,2900
11-10-2018,17,3,23,0,3550
11-10-2018,18,3,20,1,3560
11-10-2018,19,3,19,1,3601
11-10-2018,20,3,18,1,3490
11-10-2018,7,3,20,6,2300
11-10-2018,8,3,21,6,2450
11-10-2018,6,3,19,7,2280
11-10-2018,21,3,18,7,2800
11-10-2018,22,3,17,7,2400
18-10-2018,9,3,22,0,3000
18-10-2018,10,3,23,0,3100
18-10-2018,11,3,24,0,3150
18-10-2018,12,3,24,0,3152
18-10-2018,13,3,25,0,2999
18-10-2018,14,3,26,0,2890
18-10-2018,15,3,27,0,2800
18-10-2018,16,3,22,0,2900
18-10-2018,17,3,23,0,3550
18-10-2018,18,3,20,1,3560
18-10-2018,19,3,19,1,3601
18-10-2018,20,3,18,1,3490
18-10-2018,7,3,20,6,2300
18-10-2018,8,3,21,6,2450
18-10-2018,6,3,19,7,2280
18-10-2018,21,3,18,7,2800
18-10-2018,22,3,17,7,2400
25-10-2018,9,3,22,0,3000
25-10-2018,10,3,23,0,3100
25-10-2018,11,3,24,0,3150
25-10-2018,12,3,24,0,3152
25-10-2018,13,3,25,0,2999
25-10-2018,14,3,26,0,2890
25-10-2018,15,3,27,0,2800
25-10-2018,16,3,22,0,2900
25-10-2018,17,3,23,0,3550
25-10-2018,18,3,20,1,3560
25-10-2018,19,3,19,1,3601
25-10-2018,20,3,18,1,3490
25-10-2018,7,3,20,6,2300
25-10-2018,8,3,21,6,2450
25-10-2018,6,3,19,7,2280
25-10-2018,21,3,18,7,2800
25-10-2018,22,3,17,7,2400
01-11-2018,9,3,21,0,3000
01-11-2018,10,3,22,0,3100
01-11-2018,11,3,23,0,3150
01-11-2018,12,3,23,0,3152
01-11-2018,13,3,24,0,2999
01-11-2018,14,3,25,0,2890
01-11-2018,15,3,26,0,2800
01-11-2018,16,3,21,0,2900
01-11-2018,17,3,22,0,3550
01-11-2018,18,3,19,1,3560
01-11-2018,19,3,18,1,3601
01-11-2018,20,3,17,1,3490
01-11-2018,7,3,19,6,2300
01-11-2018,8,3,20,6,2450
01-11-2018,6,3,18,7,2280
01-11-2018,21,3,17,7,2800
01-11-2018,22,3,16,7,2400
08-11-2018,9,3,21,0,3000
08-11-2018,10,3,22,0,3100
08-11-2018,11,3,23,0,3150
08-11-2018,12,3,23,0,3152
08-11-2018,13,3,24,0,2999
08-11-2018,14,3,25,0,2890
08-11-2018,15,3,26,0,2800
08-11-2018,16,3,21,0,2900
08-11-2018,17,3,22,0,3550
08-11-2018,18,3,19,1,3560
08-11-2018,19,3,18,1,3601
08-11-2018,20,3,17,1,3490
08-11-2018,7,3,19,6,2300
08-11-2018,8,3,20,6,2450
08-11-2018,6,3,18,7,2280
08-11-2018,21,3,17,7,2800
08-11-2018,22,3,16,7,2400
15-11-2018,9,3,21,0,3000
15-11-2018,10,3,22,0,3100
15-11-2018,11,3,23,0,3150
15-11-2018,12,3,23,0,3152
15-11-2018,13,3,24,0,2999
15-11-2018,14,3,25,0,2890
15-11-2018,15,3,26,0,2800
15-11-2018,16,3,21,0,2900
15-11-2018,17,3,22,0,3550
15-11-2018,18,3,19,1,3560
15-11-2018,19,3,18,1,3601
15-11-2018,20,3,17,1,3490
15-11-2018,7,3,19,6,2300
15-11-2018,8,3,20,6,2450
15-11-2018,6,3,18,7,2280
15-11-2018,21,3,17,7,2800
15-11-2018,22,3,16,7,2400
22-11-2018,9,3,21,0,3000
22-11-2018,10,3,22,0,3100
22-11-2018,11,3,23,0,3150
22-11-2018,12,3,23,0,3152
22-11-2018,13,3,24,0,2999
22-11-2018,14,3,25,0,2890
22-11-2018,15,3,26,0,2800
22-11-2018,16,3,21,0,2900
22-11-2018,17,3,22,0,3550
22-11-2018,18,3,19,1,3560
22-11-2018,19,3,18,1,3601
22-11-2018,20,3,17,1,3490
22-11-2018,7,3,19,6,2300
22-11-2018,8,3,20,6,2450
22-11-2018,6,3,18,7,2280
22-11-2018,21,3,17,7,2800
22-11-2018,22,3,16,7,2400
29-11-2018,9,3,21,0,3000
29-11-2018,10,3,22,0,3100
29-11-2018,11,3,23,0,3150
29-11-2018,12,3,23,0,3152
29-11-2018,13,3,24,0,2999
29-11-2018,14,3,25,0,2890
29-11-2018,15,3,26,0,2800
29-11-2018,16,3,21,0,2900
29-11-2018,17,3,22,0,3550
29-11-2018,18,3,19,1,3560
29-11-2018,19,3,18,1,3601
29-11-2018,20,3,17,1,3490
29-11-2018,7,3,19,6,2300
29-11-2018,8,3,20,6,2450
29-11-2018,6,3,18,7,2280
29-11-2018,21,3,17,7,2800
29-11-2018,22,3,16,7,2400
06-12-2018,9,3,20,0,3000
06-12-2018,10,3,21,0,3100
06-12-2018,11,3,22,0,3150
06-12-2018,12,3,22,0,3152
06-12-2018,13,3,23,0,2999
06-12-2018,14,3,24,0,2890
06-12-2018,15,3,25,0,2800
06-12-2018,16,3,20,0,2900
06-12-2018,17,3,21,0,3550
06-12-2018,18,3,18,1,3560
06-12-2018,19,3,17,1,3601
06-12-2018,20,3,16,1,3490
06-12-2018,7,3,18,6,2300
06-12-2018,8,3,19,6,2450
06-12-2018,6,3,17,7,2280
06-12-2018,21,3,16,7,2800
06-12-2018,22,3,15,7,2400
13-12-2018,9,3,20,0,3000
13-12-2018,10,3,21,0,3100
13-12-2018,11,3,22,0,3150
13-12-2018,12,3,22,0,3152
13-12-2018,13,3,23,0,2999
13-12-2018,14,3,24,0,2890
13-12-2018,15,3,25,0,2800
13-12-2018,16,3,20,0,2900
13-12-2018,17,3,21,0,3550
13-12-2018,18,3,18,1,3560
13-12-2018,19,3,17,1,3601
13-12-2018,20,3,16,1,3490
13-12-2018,7,3,18,6,2300
13-12-2018,8,3,19,6,2450
13-12-2018,6,3,17,7,2280
13-12-2018,21,3,16,7,2800
13-12-2018,22,3,15,7,2400
20-12-2018,9,3,20,0,3000
20-12-2018,10,3,21,0,3100
20-12-2018,11,3,22,0,3150
20-12-2018,12,3,22,0,3152
20-12-2018,13,3,23,0,2999
20-12-2018,14,3,24,0,2890
20-12-2018,15,3,25,0,2800
20-12-2018,16,3,20,0,2900
20-12-2018,17,3,21,0,3550
20-12-2018,18,3,18,1,3560
20-12-2018,19,3,17,1,3601
20-12-2018,20,3,16,1,3490
20-12-2018,7,3,18,6,2300
20-12-2018,8,3,19,6,2450
20-12-2018,6,3,17,7,2280
20-12-2018,21,3,16,7,2800
20-12-2018,22,3,15,7,2400
27-12-2018,9,3,20,0,3000
27-12-2018,10,3,21,0,3100
27-12-2018,11,3,22,0,3150
27-12-2018,12,3,22,0,3152
27-12-2018,13,3,23,0,2999
27-12-2018,14,3,24,0,2890
27-12-2018,15,3,25,0,2800
27-12-2018,16,3,20,0,2900
27-12-2018,17,3,21,0,3550
27-12-2018,18,3,18,1,3560
27-12-2018,19,3,17,1,3601
27-12-2018,20,3,16,1,3490
27-12-2018,7,3,18,6,2300
27-12-2018,8,3,19,6,2450
27-12-2018,6,3,17,7,2280
27-12-2018,21,3,16,7,2800
27-12-2018,22,3,15,7,2400
06-07-2018,9,4,23,0,3000
06-07-2018,10,4,24,0,3100
06-07-2018,11,4,25,0,3150
06-07-2018,12,4,25,0,3152
06-07-2018,13,4,26,0,2999
06-07-2018,14,4,27,0,2890
06-07-2018,15,4,28,0,2800
06-07-2018,16,4,23,0,2900
06-07-2018,17,4,24,0,3550
06-07-2018,18,4,21,1,3560
06-07-2018,19,4,20,1,3601
06-07-2018,20,4,19,1,3490
06-07-2018,7,4,21,6,2300
06-07-2018,8,4,22,6,2450
06-07-2018,6,4,20,7,2280
06-07-2018,21,4,19,7,2800
06-07-2018,22,4,18,7,2400
13-07-2018,9,4,23,0,3000
13-07-2018,10,4,24,0,3100
13-07-2018,11,4,25,0,3150
13-07-2018,12,4,25,0,3152
13-07-2018,13,4,26,0,2999
13-07-2018,14,4,27,0,2890
13-07-2018,15,4,28,0,2800
13-07-2018,16,4,23,0,2900
13-07-2018,17,4,24,0,3550
13-07-2018,18,4,21,1,3560
13-07-2018,19,4,20,1,3601
13-07-2018,20,4,19,1,3490
13-07-2018,7,4,21,6,2300
13-07-2018,8,4,22,6,2450
13-07-2018,6,4,20,7,2280
13-07-2018,21,4,19,7,2800
13-07-2018,22,4,18,7,2400
20-07-2018,9,4,23,0,3000
20-07-2018,10,4,24,0,3100
20-07-2018,11,4,25,0,3150
20-07-2018,12,4,25,0,3152
20-07-2018,13,4,26,0,2999
20-07-2018,14,4,27,0,2890
20-07-2018,15,4,28,0,2800
20-07-2018,16,4,23,0,2900
20-07-2018,17,4,24,0,3550
20-07-2018,18,4,21,1,3560
20-07-2018,19,4,20,1,3601
20-07-2018,20,4,19,1,3490
20-07-2018,7,4,21,6,2300
20-07-2018,8,4,22,6,2450
20-07-2018,6,4,20,7,2280
20-07-2018,21,4,19,7,2800
20-07-2018,22,4,18,7,2400
27-07-2018,9,4,23,0,3000
27-07-2018,10,4,24,0,3100
27-07-2018,11,4,25,0,3150
27-07-2018,12,4,25,0,3152
27-07-2018,13,4,26,0,2999
27-07-2018,14,4,27,0,2890
27-07-2018,15,4,28,0,2800
27-07-2018,16,4,23,0,2900
27-07-2018,17,4,24,0,3550
27-07-2018,18,4,21,1,3560
27-07-2018,19,4,20,1,3601
27-07-2018,20,4,19,1,3490
27-07-2018,7,4,21,6,2300
27-07-2018,8,4,22,6,2450
27-07-2018,6,4,20,7,2280
27-07-2018,21,4,19,7,2800
27-07-2018,22,4,18,7,2400
03-08-2018,9,4,24,0,3000
03-08-2018,10,4,25,0,3100
03-08-2018,11,4,26,0,3150
03-08-2018,12,4,26,0,3152
03-08-2018,13,4,27,0,2999
03-08-2018,14,4,28,0,2890
03-08-2018,15,4,29,0,2800
03-08-2018,16,4,24,0,2900
03-08-2018,17,4,25,0,3550
03-08-2018,18,4,22,1,3560
03-08-2018,19,4,21,1,3601
03-08-2018,20,4,20,1,3490
03-08-2018,7,4,22,6,2300
03-08-2018,8,4,23,6,2450
03-08-2018,6,4,21,7,2280
03-08-2018,21,4,20,7,2800
03-08-2018,22,4,19,7,2400
10-08-2018,9,4,24,0,3000
10-08-2018,10,4,25,0,3100
10-08-2018,11,4,26,0,3150
10-08-2018,12,4,26,0,3152
10-08-2018,13,4,27,0,2999
10-08-2018,14,4,28,0,2890
10-08-2018,15,4,29,0,2800
10-08-2018,16,4,24,0,2900
10-08-2018,17,4,25,0,3550
10-08-2018,18,4,22,1,3560
10-08-2018,19,4,21,1,3601
10-08-2018,20,4,20,1,3490
10-08-2018,7,4,22,6,2300
10-08-2018,8,4,23,6,2450
10-08-2018,6,4,21,7,2280
10-08-2018,21,4,20,7,2800
10-08-2018,22,4,19,7,2400
17-08-2018,9,4,24,0,3000
17-08-2018,10,4,25,0,3100
17-08-2018,11,4,26,0,3150
17-08-2018,12,4,26,0,3152
17-08-2018,13,4,27,0,2999
17-08-2018,14,4,28,0,2890
17-08-2018,15,4,29,0,2800
17-08-2018,16,4,24,0,2900
17-08-2018,17,4,25,0,3550
17-08-2018,18,4,22,1,3560
17-08-2018,19,4,21,1,3601
17-08-2018,20,4,20,1,3490
17-08-2018,7,4,22,6,2300
17-08-2018,8,4,23,6,2450
17-08-2018,6,4,21,7,2280
17-08-2018,21,4,20,7,2800
17-08-2018,22,4,19,7,2400
24-08-2018,9,4,24,0,3000
24-08-2018,10,4,25,0,3100
24-08-2018,11,4,26,0,3150
24-08-2018,12,4,26,0,3152
24-08-2018,13,4,27,0,2999
24-08-2018,14,4,28,0,2890
24-08-2018,15,4,29,0,2800
24-08-2018,16,4,24,0,2900
24-08-2018,17,4,25,0,3550
24-08-2018,18,4,22,1,3560
24-08-2018,19,4,21,1,3601
24-08-2018,20,4,20,1,3490
24-08-2018,7,4,22,6,2300
24-08-2018,8,4,23,6,2450
24-08-2018,6,4,21,7,2280
24-08-2018,21,4,20,7,2800
24-08-2018,22,4,19,7,2400
31-08-2018,9,4,24,0,3000
31-08-2018,10,4,25,0,3100
31-08-2018,11,4,26,0,3150
31-08-2018,12,4,26,0,3152
31-08-2018,13,4,27,0,2999
31-08-2018,14,4,28,0,2890
31-08-2018,15,4,29,0,2800
31-08-2018,16,4,24,0,2900
31-08-2018,17,4,25,0,3550
31-08-2018,18,4,22,1,3560
31-08-2018,19,4,21,1,3601
31-08-2018,20,4,20,1,3490
31-08-2018,7,4,22,6,2300
31-08-2018,8,4,23,6,2450
31-08-2018,6,4,21,7,2280
31-08-2018,21,4,20,7,2800
31-08-2018,22,4,19,7,2400
07-09-2018,9,4,24,0,3000
07-09-2018,10,4,25,0,3100
07-09-2018,11,4,26,0,3150
07-09-2018,12,4,26,0,3152
07-09-2018,18,4,22,1,3560
07-09-2018,19,4,21,1,3601
07-09-2018,20,4,20,1,3490
07-09-2018,13,4,27,2,3599
07-09-2018,14,4,28,2,3512
07-09-2018,15,4,29,2,3512
07-09-2018,16,4,24,2,3512
07-09-2018,17,4,25,2,4162
07-09-2018,7,4,22,6,2300
07-09-2018,8,4,23,6,2450
07-09-2018,6,4,21,7,2280
07-09-2018,21,4,20,7,2800
07-09-2018,22,4,19,7,2400
14-09-2018,9,4,24,0,3000
14-09-2018,10,4,25,0,3100
14-09-2018,11,4,26,0,3150
14-09-2018,12,4,26,0,3152
14-09-2018,13,4,27,0,2999
14-09-2018,14,4,28,0,2890
14-09-2018,15,4,29,0,2800
14-09-2018,16,4,24,0,2900
14-09-2018,17,4,25,0,3550
14-09-2018,18,4,22,1,3560
14-09-2018,19,4,21,1,3601
14-09-2018,20,4,20,1,3490
14-09-2018,7,4,22,6,2300
14-09-2018,8,4,23,6,2450
14-09-2018,6,4,21,7,2280
14-09-2018,21,4,20,7,2800
14-09-2018,22,4,19,7,2400
21-09-2018,9,4,24,0,3000
21-09-2018,10,4,25,0,3100
21-09-2018,11,4,26,0,3150
21-09-2018,12,4,26,0,3152
21-09-2018,13,4,27,0,2999
21-09-2018,14,4,28,0,2890
21-09-2018,15,4,29,0,2800
21-09-2018,16,4,24,0,2900
21-09-2018,17,4,25,0,3550
21-09-2018,18,4,22,1,3560
21-09-2018,19,4,21,1,3601
21-09-2018,20,4,20,1,3490
21-09-2018,7,4,22,6,2300
21-09-2018,8,4,23,6,2450
21-09-2018,6,4,21,7,2280
21-09-2018,21,4,20,7,2800
21-09-2018,22,4,19,7,2400
28-09-2018,10,4,25,0,3100
28-09-2018,11,4,26,0,3150
28-09-2018,12,4,26,0,3152
28-09-2018,13,4,27,0,2999
28-09-2018,14,4,28,0,2890
28-09-2018,15,4,29,0,2800
28-09-2018,16,4,24,0,2900
28-09-2018,17,4,25,0,3550
28-09-2018,18,4,22,1,3560
28-09-2018,19,4,21,1,3601
28-09-2018,20,4,20,1,3490
28-09-2018,6,4,21,2,2892
28-09-2018,7,4,22,2,2912
28-09-2018,8,4,23,2,3062
28-09-2018,9,4,24,2,3612
28-09-2018,21,4,20,7,2800
28-09-2018,22,4,19,7,2400
05-10-2018,9,4,22,0,3000
05-10-2018,10,4,23,0,3100
05-10-2018,11,4,24,0,3150
05-10-2018,12,4,24,0,3152
05-10-2018,13,4,25,0,2999
05-10-2018,14,4,26,0,2890
05-10-2018,15,4,27,0,2800
05-10-2018,16,4,22,0,2900
05-10-2018,18,4,20,1,3560
05-10-2018,19,4,19,1,3601
05-10-2018,20,4,18,1,3490
05-10-2018,17,4,23,2,4162
05-10-2018,7,4,20,6,2300
05-10-2018,8,4,21,6,2450
05-10-2018,6,4,19,7,2280
05-10-2018,21,4,18,7,2800
05-10-2018,22,4,17,7,2400
12-10-2018,9,4,22,0,3000
12-10-2018,10,4,23,0,3100
12-10-2018,11,4,24,0,3150
12-10-2018,12,4,24,0,3152
12-10-2018,13,4,25,0,2999
12-10-2018,14,4,26,0,2890
12-10-2018,15,4,27,0,2800
12-10-2018,16,4,22,0,2900
12-10-2018,17,4,23,0,3550
12-10-2018,18,4,20,1,3560
12-10-2018,19,4,19,1,3601
12-10-2018,20,4,18,1,3490
12-10-2018,7,4,20,6,2300
12-10-2018,8,4,21,6,2450
12-10-2018,6,4,19,7,2280
12-10-2018,21,4,18,7,2800
12-10-2018,22,4,17,7,2400
19-10-2018,9,4,22,0,3000
19-10-2018,10,4,23,0,3100
19-10-2018,11,4,24,0,3150
19-10-2018,12,4,24,0,3152
19-10-2018,13,4,25,0,2999
19-10-2018,14,4,26,0,2890
19-10-2018,15,4,27,0,2800
19-10-2018,16,4,22,0,2900
19-10-2018,17,4,23,0,3550
19-10-2018,18,4,20,1,3560
19-10-2018,19,4,19,1,3601
19-10-2018,20,4,18,1,3490
19-10-2018,7,4,20,6,2300
19-10-2018,8,4,21,6,2450
19-10-2018,6,4,19,7,2280
19-10-2018,21,4,18,7,2800
19-10-2018,22,4,17,7,2400
26-10-2018,9,4,22,0,3000
26-10-2018,10,4,23,0,3100
26-10-2018,11,4,24,0,3150
26-10-2018,12,4,24,0,3152
26-10-2018,13,4,25,0,2999
26-10-2018,14,4,26,0,2890
26-10-2018,15,4,27,0,2800
26-10-2018,16,4,22,0,2900
26-10-2018,17,4,23,0,3550
26-10-2018,18,4,20,1,3560
26-10-2018,19,4,19,1,3601
26-10-2018,20,4,18,1,3490
26-10-2018,7,4,20,6,2300
26-10-2018,8,4,21,6,2450
26-10-2018,6,4,19,7,2280
26-10-2018,21,4,18,7,2800
26-10-2018,22,4,17,7,2400
02-11-2018,9,4,21,0,3000
02-11-2018,10,4,22,0,3100
02-11-2018,11,4,23,0,3150
02-11-2018,12,4,23,0,3152
02-11-2018,13,4,24,0,2999
02-11-2018,14,4,25,0,2890
02-11-2018,15,4,26,0,2800
02-11-2018,16,4,21,0,2900
02-11-2018,17,4,22,0,3550
02-11-2018,18,4,19,1,3560
02-11-2018,19,4,18,1,3601
02-11-2018,20,4,17,1,3490
02-11-2018,7,4,19,6,2300
02-11-2018,8,4,20,6,2450
02-11-2018,6,4,18,7,2280
02-11-2018,21,4,17,7,2800
02-11-2018,22,4,16,7,2400
09-11-2018,9,4,21,0,3000
09-11-2018,10,4,22,0,3100
09-11-2018,11,4,23,0,3150
09-11-2018,12,4,23,0,3152
09-11-2018,13,4,24,0,2999
09-11-2018,14,4,25,0,2890
09-11-2018,15,4,26,0,2800
09-11-2018,16,4,21,0,2900
09-11-2018,17,4,22,0,3550
09-11-2018,18,4,19,1,3560
09-11-2018,19,4,18,1,3601
09-11-2018,20,4,17,1,3490
09-11-2018,7,4,19,6,2300
09-11-2018,8,4,20,6,2450
09-11-2018,6,4,18,7,2280
09-11-2018,21,4,17,7,2800
09-11-2018,22,4,16,7,2400
16-11-2018,9,4,21,0,3000
16-11-2018,10,4,22,0,3100
16-11-2018,11,4,23,0,3150
16-11-2018,12,4,23,0,3152
16-11-2018,13,4,24,0,2999
16-11-2018,14,4,25,0,2890
16-11-2018,15,4,26,0,2800
16-11-2018,16,4,21,0,2900
16-11-2018,17,4,22,0,3550
16-11-2018,18,4,19,1,3560
16-11-2018,19,4,18,1,3601
16-11-2018,20,4,17,1,3490
16-11-2018,7,4,19,6,2300
16-11-2018,8,4,20,6,2450
16-11-2018,6,4,18,7,2280
16-11-2018,21,4,17,7,2800
16-11-2018,22,4,16,7,2400
23-11-2018,9,4,21,0,3000
23-11-2018,10,4,22,0,3100
23-11-2018,11,4,23,0,3150
23-11-2018,12,4,23,0,3152
23-11-2018,13,4,24,0,2999
23-11-2018,14,4,25,0,2890
23-11-2018,15,4,26,0,2800
23-11-2018,16,4,21,0,2900
23-11-2018,17,4,22,0,3550
23-11-2018,18,4,19,1,3560
23-11-2018,19,4,18,1,3601
23-11-2018,20,4,17,1,3490
23-11-2018,7,4,19,6,2300
23-11-2018,8,4,20,6,2450
23-11-2018,6,4,18,7,2280
23-11-2018,21,4,17,7,2800
23-11-2018,22,4,16,7,2400
30-11-2018,9,4,21,0,3000
30-11-2018,10,4,22,0,3100
30-11-2018,11,4,23,0,3150
30-11-2018,12,4,23,0,3152
30-11-2018,13,4,24,0,2999
30-11-2018,14,4,25,0,2890
30-11-2018,15,4,26,0,2800
30-11-2018,16,4,21,0,2900
30-11-2018,17,4,22,0,3550
30-11-2018,18,4,19,1,3560
30-11-2018,19,4,18,1,3601
30-11-2018,20,4,17,1,3490
30-11-2018,7,4,19,6,2300
30-11-2018,8,4,20,6,2450
30-11-2018,6,4,18,7,2280
30-11-2018,21,4,17,7,2800
30-11-2018,22,4,16,7,2400
07-12-2018,9,4,20,0,3000
07-12-2018,10,4,21,0,3100
07-12-2018,11,4,22,0,3150
07-12-2018,12,4,22,0,3152
07-12-2018,13,4,23,0,2999
07-12-2018,14,4,24,0,2890
07-12-2018,15,4,25,0,2800
07-12-2018,16,4,20,0,2900
07-12-2018,17,4,21,0,3550
07-12-2018,18,4,18,1,3560
07-12-2018,19,4,17,1,3601
07-12-2018,20,4,16,1,3490
07-12-2018,7,4,18,6,2300
07-12-2018,8,4,19,6,2450
07-12-2018,6,4,17,7,2280
07-12-2018,21,4,16,7,2800
07-12-2018,22,4,15,7,2400
14-12-2018,9,4,20,0,3000
14-12-2018,10,4,21,0,3100
14-12-2018,11,4,22,0,3150
14-12-2018,12,4,22,0,3152
14-12-2018,13,4,23,0,2999
14-12-2018,14,4,24,0,2890
14-12-2018,15,4,25,0,2800
14-12-2018,16,4,20,0,2900
14-12-2018,17,4,21,0,3550
14-12-2018,18,4,18,1,3560
14-12-2018,19,4,17,1,3601
14-12-2018,20,4,16,1,3490
14-12-2018,7,4,18,6,2300
14-12-2018,8,4,19,6,2450
14-12-2018,6,4,17,7,2280
14-12-2018,21,4,16,7,2800
14-12-2018,22,4,15,7,2400
21-12-2018,9,4,20,0,3000
21-12-2018,10,4,21,0,3100
21-12-2018,11,4,22,0,3150
21-12-2018,12,4,22,0,3152
21-12-2018,13,4,23,0,2999
21-12-2018,14,4,24,0,2890
21-12-2018,15,4,25,0,2800
21-12-2018,16,4,20,0,2900
21-12-2018,17,4,21,0,3550
21-12-2018,18,4,18,1,3560
21-12-2018,19,4,17,1,3601
21-12-2018,20,4,16,1,3490
21-12-2018,7,4,18,6,2300
21-12-2018,8,4,19,6,2450
21-12-2018,6,4,17,7,2280
21-12-2018,21,4,16,7,2800
21-12-2018,22,4,15,7,2400
28-12-2018,9,4,20,0,3000
28-12-2018,10,4,21,0,3100
28-12-2018,11,4,22,0,3150
28-12-2018,12,4,22,0,3152
28-12-2018,13,4,23,0,2999
28-12-2018,14,4,24,0,2890
28-12-2018,15,4,25,0,2800
28-12-2018,16,4,20,0,2900
28-12-2018,17,4,21,0,3550
28-12-2018,18,4,18,1,3560
28-12-2018,19,4,17,1,3601
28-12-2018,20,4,16,1,3490
28-12-2018,7,4,18,6,2300
28-12-2018,8,4,19,6,2450
28-12-2018,6,4,17,7,2280
28-12-2018,21,4,16,7,2800
28-12-2018,22,4,15,7,2400
07-07-2018,9,5,23,0,2607
07-07-2018,10,5,24,0,2622
07-07-2018,11,5,25,0,2623
07-07-2018,12,5,25,0,2625
07-07-2018,13,5,26,0,2621
07-07-2018,14,5,27,0,2621
07-07-2018,15,5,28,0,2621
07-07-2018,16,5,23,0,2627
07-07-2018,17,5,24,0,2627
07-07-2018,18,5,21,1,2627
07-07-2018,19,5,20,1,2637
07-07-2018,20,5,19,1,2637
07-07-2018,7,5,21,6,2597
07-07-2018,8,5,22,6,2605
07-07-2018,6,5,20,7,2592
07-07-2018,21,5,19,7,2602
07-07-2018,22,5,18,7,2597
14-07-2018,9,5,23,0,2607
14-07-2018,10,5,24,0,2622
14-07-2018,11,5,25,0,2623
14-07-2018,12,5,25,0,2625
14-07-2018,13,5,26,0,2621
14-07-2018,14,5,27,0,2621
14-07-2018,15,5,28,0,2621
14-07-2018,16,5,23,0,2627
14-07-2018,17,5,24,0,2627
14-07-2018,18,5,21,1,2627
14-07-2018,19,5,20,1,2637
14-07-2018,20,5,19,1,2637
14-07-2018,7,5,21,6,2597
14-07-2018,8,5,22,6,2605
14-07-2018,6,5,20,7,2592
14-07-2018,21,5,19,7,2602
14-07-2018,22,5,18,7,2597
21-07-2018,9,5,23,0,2607
21-07-2018,10,5,24,0,2622
21-07-2018,11,5,25,0,2623
21-07-2018,12,5,25,0,2625
21-07-2018,13,5,26,0,2621
21-07-2018,14,5,27,0,2621
21-07-2018,15,5,28,0,2621
21-07-2018,16,5,23,0,2627
21-07-2018,17,5,24,0,2627
21-07-2018,18,5,21,1,2627
21-07-2018,19,5,20,1,2637
21-07-2018,20,5,19,1,2637
21-07-2018,7,5,21,6,2597
21-07-2018,8,5,22,6,2605
21-07-2018,6,5,20,7,2592
21-07-2018,21,5,19,7,2602
21-07-2018,22,5,18,7,2597
28-07-2018,9,5,23,0,2607
28-07-2018,10,5,24,0,2622
28-07-2018,11,5,25,0,2623
28-07-2018,12,5,25,0,2625
28-07-2018,13,5,26,0,2621
28-07-2018,14,5,27,0,2621
28-07-2018,15,5,28,0,2621
28-07-2018,16,5,23,0,2627
28-07-2018,17,5,24,0,2627
28-07-2018,18,5,21,1,2627
28-07-2018,19,5,20,1,2637
28-07-2018,20,5,19,1,2637
28-07-2018,7,5,21,6,2597
28-07-2018,8,5,22,6,2605
28-07-2018,6,5,20,7,2592
28-07-2018,21,5,19,7,2602
28-07-2018,22,5,18,7,2597
04-08-2018,9,5,24,0,2607
04-08-2018,10,5,25,0,2622
04-08-2018,11,5,26,0,2623
04-08-2018,12,5,26,0,2625
04-08-2018,13,5,27,0,2621
04-08-2018,14,5,28,0,2621
04-08-2018,15,5,29,0,2621
04-08-2018,16,5,24,0,2627
04-08-2018,17,5,25,0,2627
04-08-2018,18,5,22,1,2627
04-08-2018,19,5,21,1,2637
04-08-2018,20,5,20,1,2637
04-08-2018,7,5,22,6,2597
04-08-2018,8,5,23,6,2605
04-08-2018,6,5,21,7,2592
04-08-2018,21,5,20,7,2602
04-08-2018,22,5,19,7,2597
11-08-2018,9,5,24,0,2607
11-08-2018,10,5,25,0,2622
11-08-2018,14,5,28,0,2621
11-08-2018,15,5,29,0,2621
11-08-2018,16,5,24,0,2627
11-08-2018,17,5,25,0,2627
11-08-2018,18,5,22,1,2627
11-08-2018,19,5,21,1,2637
11-08-2018,20,5,20,1,2637
11-08-2018,11,5,26,2,3235
11-08-2018,12,5,26,2,3237
11-08-2018,13,5,27,2,3233
11-08-2018,7,5,22,6,2597
11-08-2018,8,5,23,6,2605
11-08-2018,6,5,21,7,2592
11-08-2018,21,5,20,7,2602
11-08-2018,22,5,19,7,2597
18-08-2018,9,5,24,0,2607
18-08-2018,10,5,25,0,2622
18-08-2018,11,5,26,0,2623
18-08-2018,12,5,26,0,2625
18-08-2018,13,5,27,0,2621
18-08-2018,14,5,28,0,2621
18-08-2018,15,5,29,0,2621
18-08-2018,20,5,20,1,2637
18-08-2018,16,5,24,2,3239
18-08-2018,17,5,25,2,3239
18-08-2018,18,5,22,2,3239
18-08-2018,19,5,21,2,3249
18-08-2018,7,5,22,6,2597
18-08-2018,8,5,23,6,2605
18-08-2018,6,5,21,7,2592
18-08-2018,21,5,20,7,2602
18-08-2018,22,5,19,7,2597
25-08-2018,9,5,24,0,2607
25-08-2018,10,5,25,0,2622
25-08-2018,11,5,26,0,2623
25-08-2018,12,5,26,0,2625
25-08-2018,13,5,27,0,2621
25-08-2018,14,5,28,0,2621
25-08-2018,15,5,29,0,2621
25-08-2018,16,5,24,0,2627
25-08-2018,17,5,25,0,2627
25-08-2018,18,5,22,1,2627
25-08-2018,19,5,21,1,2637
25-08-2018,20,5,20,1,2637
25-08-2018,7,5,22,6,2597
25-08-2018,8,5,23,6,2605
25-08-2018,6,5,21,7,2592
25-08-2018,21,5,20,7,2602
25-08-2018,22,5,19,7,2597
01-09-2018,9,5,24,0,2607
01-09-2018,10,5,25,0,2622
01-09-2018,11,5,26,0,2623
01-09-2018,12,5,26,0,2625
01-09-2018,13,5,27,0,2621
01-09-2018,14,5,28,0,2621
01-09-2018,15,5,29,0,2621
01-09-2018,16,5,24,0,2627
01-09-2018,17,5,25,0,2627
01-09-2018,18,5,22,1,2627
01-09-2018,19,5,21,1,2637
01-09-2018,20,5,20,1,2637
01-09-2018,7,5,22,6,2597
01-09-2018,8,5,23,6,2605
01-09-2018,6,5,21,7,2592
01-09-2018,21,5,20,7,2602
01-09-2018,22,5,19,7,2597
08-09-2018,10,5,25,0,2622
08-09-2018,11,5,26,0,2623
08-09-2018,12,5,26,0,2625
08-09-2018,13,5,27,0,2621
08-09-2018,14,5,28,0,2621
08-09-2018,15,5,29,0,2621
08-09-2018,16,5,24,0,2627
08-09-2018,17,5,25,0,2627
08-09-2018,18,5,22,1,2627
08-09-2018,19,5,21,1,2637
08-09-2018,20,5,20,1,2637
08-09-2018,9,5,24,2,3219
08-09-2018,7,5,22,6,2597
08-09-2018,8,5,23,6,2605
08-09-2018,6,5,21,7,2592
08-09-2018,21,5,20,7,2602
08-09-2018,22,5,19,7,2597
15-09-2018,9,5,24,0,2607
15-09-2018,10,5,25,0,2622
15-09-2018,11,5,26,0,2623
15-09-2018,12,5,26,0,2625
15-09-2018,13,5,27,0,2621
15-09-2018,14,5,28,0,2621
15-09-2018,15,5,29,0,2621
15-09-2018,16,5,24,0,2627
15-09-2018,17,5,25,0,2627
15-09-2018,18,5,22,1,2627
15-09-2018,19,5,21,1,2637
15-09-2018,20,5,20,1,2637
15-09-2018,7,5,22,6,2597
15-09-2018,8,5,23,6,2605
15-09-2018,6,5,21,7,2592
15-09-2018,21,5,20,7,2602
15-09-2018,22,5,19,7,2597
22-09-2018,9,5,24,0,2607
22-09-2018,10,5,25,0,2622
22-09-2018,11,5,26,0,2623
22-09-2018,12,5,26,0,2625
22-09-2018,13,5,27,0,2621
22-09-2018,14,5,28,0,2621
22-09-2018,15,5,29,0,2621
22-09-2018,16,5,24,0,2627
22-09-2018,17,5,25,0,2627
22-09-2018,18,5,22,1,2627
22-09-2018,19,5,21,1,2637
22-09-2018,20,5,20,1,2637
22-09-2018,7,5,22,6,2597
22-09-2018,8,5,23,6,2605
22-09-2018,6,5,21,7,2592
22-09-2018,21,5,20,7,2602
22-09-2018,22,5,19,7,2597
29-09-2018,9,5,24,0,2607
29-09-2018,10,5,25,0,2622
29-09-2018,11,5,26,0,2623
29-09-2018,12,5,26,0,2625
29-09-2018,13,5,27,0,2621
29-09-2018,14,5,28,0,2621
29-09-2018,15,5,29,0,2621
29-09-2018,16,5,24,0,2627
29-09-2018,17,5,25,0,2627
29-09-2018,18,5,22,1,2627
29-09-2018,19,5,21,1,2637
29-09-2018,20,5,20,1,2637
29-09-2018,7,5,22,6,2597
29-09-2018,8,5,23,6,2605
29-09-2018,6,5,21,7,2592
29-09-2018,21,5,20,7,2602
29-09-2018,22,5,19,7,2597
06-10-2018,9,5,22,0,2607
06-10-2018,10,5,23,0,2622
06-10-2018,11,5,24,0,2623
06-10-2018,12,5,24,0,2625
06-10-2018,13,5,25,0,2621
06-10-2018,14,5,26,0,2621
06-10-2018,15,5,27,0,2621
06-10-2018,16,5,22,0,2627
06-10-2018,17,5,23,0,2627
06-10-2018,18,5,20,1,2627
06-10-2018,19,5,19,1,2637
06-10-2018,20,5,18,1,2637
06-10-2018,7,5,20,6,2597
06-10-2018,8,5,21,6,2605
06-10-2018,6,5,19,7,2592
06-10-2018,21,5,18,7,2602
06-10-2018,22,5,17,7,2597
13-10-2018,9,5,22,0,2607
13-10-2018,10,5,23,0,2622
13-10-2018,11,5,24,0,2623
13-10-2018,12,5,24,0,2625
13-10-2018,13,5,25,0,2621
13-10-2018,14,5,26,0,2621
13-10-2018,15,5,27,0,2621
13-10-2018,16,5,22,0,2627
13-10-2018,17,5,23,0,2627
13-10-2018,18,5,20,1,2627
13-10-2018,19,5,19,1,2637
13-10-2018,20,5,18,1,2637
13-10-2018,7,5,20,6,2597
13-10-2018,8,5,21,6,2605
13-10-2018,6,5,19,7,2592
13-10-2018,21,5,18,7,2602
13-10-2018,22,5,17,7,2597
20-10-2018,9,5,22,0,2607
20-10-2018,10,5,23,0,2622
20-10-2018,11,5,24,0,2623
20-10-2018,12,5,24,0,2625
20-10-2018,13,5,25,0,2621
20-10-2018,14,5,26,0,2621
20-10-2018,15,5,27,0,2621
20-10-2018,16,5,22,0,2627
20-10-2018,17,5,23,0,2627
20-10-2018,18,5,20,1,2627
20-10-2018,19,5,19,1,2637
20-10-2018,20,5,18,1,2637
20-10-2018,7,5,20,6,2597
20-10-2018,8,5,21,6,2605
20-10-2018,6,5,19,7,2592
20-10-2018,21,5,18,7,2602
20-10-2018,22,5,17,7,2597
27-10-2018,9,5,22,0,2607
27-10-2018,10,5,23,0,2622
27-10-2018,11,5,24,0,2623
27-10-2018,12,5,24,0,2625
27-10-2018,13,5,25,0,2621
27-10-2018,14,5,26,0,2621
27-10-2018,15,5,27,0,2621
27-10-2018,16,5,22,0,2627
27-10-2018,17,5,23,0,2627
27-10-2018,18,5,20,1,2627
27-10-2018,19,5,19,1,2637
27-10-2018,20,5,18,1,2637
27-10-2018,7,5,20,6,2597
27-10-2018,8,5,21,6,2605
27-10-2018,6,5,19,7,2592
27-10-2018,21,5,18,7,2602
27-10-2018,22,5,17,7,2597
03-11-2018,9,5,21,0,2607
03-11-2018,10,5,22,0,2622
03-11-2018,11,5,23,0,2623
03-11-2018,12,5,23,0,2625
03-11-2018,13,5,24,0,2621
03-11-2018,14,5,25,0,2621
03-11-2018,15,5,26,0,2621
03-11-2018,16,5,21,0,2627
03-11-2018,17,5,22,0,2627
03-11-2018,18,5,19,1,2627
03-11-2018,19,5,18,1,2637
03-11-2018,20,5,17,1,2637
03-11-2018,7,5,19,6,2597
03-11-2018,8,5,20,6,2605
03-11-2018,6,5,18,7,2592
03-11-2018,21,5,17,7,2602
03-11-2018,22,5,16,7,2597
10-11-2018,9,5,21,0,2607
10-11-2018,10,5,22,0,2622
10-11-2018,11,5,23,0,2623
10-11-2018,12,5,23,0,2625
10-11-2018,13,5,24,0,2621
10-11-2018,14,5,25,0,2621
10-11-2018,15,5,26,0,2621
10-11-2018,16,5,21,0,2627
10-11-2018,17,5,22,0,2627
10-11-2018,18,5,19,1,2627
10-11-2018,19,5,18,1,2637
10-11-2018,20,5,17,1,2637
10-11-2018,6,5,18,2,3204
10-11-2018,7,5,19,2,3209
10-11-2018,8,5,20,2,3217
10-11-2018,21,5,17,7,2602
10-11-2018,22,5,16,7,2597
17-11-2018,9,5,21,0,2607
17-11-2018,10,5,22,0,2622
17-11-2018,11,5,23,0,2623
17-11-2018,12,5,23,0,2625
17-11-2018,13,5,24,0,2621
17-11-2018,14,5,25,0,2621
17-11-2018,15,5,26,0,2621
17-11-2018,16,5,21,0,2627
17-11-2018,17,5,22,0,2627
17-11-2018,18,5,19,1,2627
17-11-2018,19,5,18,1,2637
17-11-2018,20,5,17,1,2637
17-11-2018,7,5,19,6,2597
17-11-2018,8,5,20,6,2605
17-11-2018,6,5,18,7,2592
17-11-2018,21,5,17,7,2602
17-11-2018,22,5,16,7,2597
24-11-2018,9,5,21,0,2607
24-11-2018,10,5,22,0,2622
24-11-2018,11,5,23,0,2623
24-11-2018,12,5,23,0,2625
24-11-2018,13,5,24,0,2621
24-11-2018,14,5,25,0,2621
24-11-2018,15,5,26,0,2621
24-11-2018,16,5,21,0,2627
24-11-2018,17,5,22,0,2627
24-11-2018,18,5,19,1,2627
24-11-2018,19,5,18,1,2637
24-11-2018,20,5,17,1,2637
24-11-2018,7,5,19,6,2597
24-11-2018,8,5,20,6,2605
24-11-2018,6,5,18,7,2592
24-11-2018,21,5,17,7,2602
24-11-2018,22,5,16,7,2597
01-12-2018,9,5,20,0,2607
01-12-2018,10,5,21,0,2622
01-12-2018,11,5,22,0,2623
01-12-2018,12,5,22,0,2625
01-12-2018,13,5,23,0,2621
01-12-2018,14,5,24,0,2621
01-12-2018,15,5,25,0,2621
01-12-2018,16,5,20,0,2627
01-12-2018,17,5,21,0,2627
01-12-2018,18,5,18,1,2627
01-12-2018,19,5,17,1,2637
01-12-2018,20,5,16,1,2637
01-12-2018,7,5,18,6,2597
01-12-2018,8,5,19,6,2605
01-12-2018,6,5,17,7,2592
01-12-2018,21,5,16,7,2602
01-12-2018,22,5,15,7,2597
08-12-2018,9,5,20,0,2607
08-12-2018,10,5,21,0,2622
08-12-2018,11,5,22,0,2623
08-12-2018,12,5,22,0,2625
08-12-2018,13,5,23,0,2621
08-12-2018,14,5,24,0,2621
08-12-2018,15,5,25,0,2621
08-12-2018,16,5,20,0,2627
08-12-2018,17,5,21,0,2627
08-12-2018,18,5,18,1,2627
08-12-2018,19,5,17,1,2637
08-12-2018,20,5,16,1,2637
08-12-2018,7,5,18,6,2597
08-12-2018,8,5,19,6,2605
08-12-2018,6,5,17,7,2592
08-12-2018,21,5,16,7,2602
08-12-2018,22,5,15,7,2597
15-12-2018,9,5,20,0,2607
15-12-2018,10,5,21,0,2622
15-12-2018,11,5,22,0,2623
15-12-2018,12,5,22,0,2625
15-12-2018,13,5,23,0,2621
15-12-2018,14,5,24,0,2621
15-12-2018,15,5,25,0,2621
15-12-2018,16,5,20,0,2627
15-12-2018,17,5,21,0,2627
15-12-2018,18,5,18,1,2627
15-12-2018,19,5,17,1,2637
15-12-2018,20,5,16,1,2637
15-12-2018,7,5,18,6,2597
15-12-2018,8,5,19,6,2605
15-12-2018,6,5,17,7,2592
15-12-2018,21,5,16,7,2602
15-12-2018,22,5,15,7,2597
22-12-2018,9,5,20,0,2607
22-12-2018,10,5,21,0,2622
22-12-2018,11,5,22,0,2623
22-12-2018,12,5,22,0,2625
22-12-2018,13,5,23,0,2621
22-12-2018,14,5,24,0,2621
22-12-2018,15,5,25,0,2621
22-12-2018,16,5,20,0,2627
22-12-2018,17,5,21,0,2627
22-12-2018,18,5,18,1,2627
22-12-2018,19,5,17,1,2637
22-12-2018,20,5,16,1,2637
22-12-2018,7,5,18,6,2597
22-12-2018,8,5,19,6,2605
22-12-2018,6,5,17,7,2592
22-12-2018,21,5,16,7,2602
22-12-2018,22,5,15,7,2597
29-12-2018,9,5,20,0,2607
29-12-2018,10,5,21,0,2622
29-12-2018,11,5,22,0,2623
29-12-2018,12,5,22,0,2625
29-12-2018,13,5,23,0,2621
29-12-2018,14,5,24,0,2621
29-12-2018,15,5,25,0,2621
29-12-2018,16,5,20,0,2627
29-12-2018,17,5,21,0,2627
29-12-2018,18,5,18,1,2627
29-12-2018,19,5,17,1,2637
29-12-2018,20,5,16,1,2637
29-12-2018,7,5,18,6,2597
29-12-2018,8,5,19,6,2605
29-12-2018,6,5,17,7,2592
29-12-2018,21,5,16,7,2602
29-12-2018,22,5,15,7,2597
01-07-2018,9,5,23,0,2295
01-07-2018,10,5,24,0,2310
01-07-2018,11,5,25,0,2311
01-07-2018,12,5,25,0,2313
01-07-2018,13,5,26,0,2309
01-07-2018,14,5,27,0,2309
01-07-2018,15,5,28,0,2309
01-07-2018,16,5,23,0,2315
01-07-2018,17,5,24,0,2315
01-07-2018,18,5,21,1,2315
01-07-2018,19,5,20,1,2325
01-07-2018,20,5,19,1,2325
01-07-2018,7,5,21,6,2285
01-07-2018,8,5,22,6,2293
01-07-2018,6,5,20,7,2280
01-07-2018,21,5,19,7,2290
01-07-2018,22,5,18,7,2285
